base_feature,highly_correlated,moderately_correlated,weakly_correlated,uncorrelated,negatively_correlated,feature_1,feature_2,feature_3,category_A,category_B,target
-1.1081114026139447,-0.9920968638223024,-0.4471403927622202,0.5135613644416557,-2.2876796256446736,1.16351857195828,6.636254061752452,4.702291467704612,-3.404335112324363,Y,P,Negative
-0.72571863413936,-0.6433404357856728,0.7239029141921877,0.29818725776571775,-1.0059946419703376,-0.19570438930097855,3.5568791797015047,0.7205158434312418,-3.6235636702776173,X,Q,Negative
0.5228043349540175,0.526604282630263,-0.6554165072694768,1.1769539802397497,-1.2374634610570165,-0.5374409152983808,3.905212131208679,0.26755046671121113,-2.856302164303278,X,P,Positive
1.234441896619212,1.0561451704286744,-0.8479362968232524,0.13674926746412147,-0.8841098156293598,-0.5242548470660258,4.3687818521444495,1.80953456132547,4.348801807581625,Z,Q,Positive
0.09689585073240158,0.13200587647353912,-0.4767696534816528,0.14292229832568507,-1.4311700518357995,0.4762687241486524,3.2529969505555956,0.049387920120092764,4.989874226664005,Z,P,Neutral
-0.987922064070484,-0.9508420609852072,0.20673973263082113,-0.6231654392854128,-0.09096118217749193,0.30820147838774004,4.583918572843327,2.8601439012895424,-2.4332250858934623,X,R,Negative
0.06723277252610292,-0.16730266289768686,-0.222898128659764,-0.9962943153972247,0.6378036903600496,-0.1574354122606413,3.793869615783987,0.9598166304068169,-2.034849638598617,Z,R,Neutral
-0.5925917855784639,-0.6996059059077189,-1.1731295600087948,-0.21353177756579667,0.5051430264994364,-0.03313746824974112,4.89295099465802,1.2498867523617068,-3.7309199880452315,Y,S,Negative
-0.9317711725503133,-0.7985799803479291,-0.7621082601536064,0.8087367746157428,-0.013103399740152394,0.8592902646594831,1.8410143410973028,0.2149825465627417,-4.886325221475668,Z,Q,Negative
1.0553627667992302,1.0969770943136437,0.10842658829044344,1.0458931920886625,0.797119789725691,-0.8597382332012466,4.277677797526441,0.7556253173177355,-3.1039523805347113,Y,Q,Positive
0.8051725475062521,0.8341512995160241,0.2634434144651224,-0.17988388804968725,0.5514400781407631,-0.8511418036527831,5.342121879408934,1.0712438661205257,3.9091844452462183,X,P,Positive
1.3356845287993533,1.2342019598622314,0.5623168172210752,-0.7647157377820999,0.4766367250359868,-1.8191339915115927,5.8992355117188895,1.0772249188978444,-3.341742357191406,Z,S,Neutral
-0.4251278793211908,-0.2622752895580569,-1.0015607814560719,-1.2209045309078845,-0.49126174789964333,0.35765462708333856,0.967601968819209,3.2803404305955226,-4.463939150173854,Z,S,Neutral
-0.31853574970574244,-0.2700477307913245,1.1762446677837533,0.9010819249839517,-0.38490244127338424,0.5297475632443376,5.618540092558591,2.329392394295245,3.4192178716209813,Y,R,Neutral
-0.8643704082984125,-0.6847226585534978,-0.36895532147990706,-1.3784797109945899,-0.6068871510644289,1.7230095060845865,2.2981346273138588,0.3174721475802833,0.6462909467874534,Z,S,Negative
-1.7532659382503861,-1.6072277403732733,-1.1957503919200247,0.5658638587516993,1.0847379155387216,0.6657574414288718,2.619642504364804,0.017781973096745163,-3.1879757926423578,X,S,Negative
0.263866838292383,0.2770742542992825,1.7883525303291923,-1.0196918985090306,-0.7991850736902586,-0.6085890790811308,5.451952977574794,0.9053180847882984,-4.51849877905712,Y,P,Neutral
-1.0479284263579676,-0.9197363255379604,-0.5508774961257781,0.20478199423703106,-1.1850915199478014,1.4044624580955771,5.002446999274431,0.8828363682217918,-2.0727947802536195,Y,Q,Negative
1.266712772658453,1.3771912189396431,0.06723365995598385,0.5750856591412773,0.7711672072046791,-0.7042246660916771,4.787738597569758,0.142800194670698,-2.127412220724325,X,Q,Neutral
-1.7100668712259568,-1.6560466451580609,-2.3353999165996613,-0.8589512825035929,-1.205817404675491,0.485301962505559,4.212387145628274,2.6467424191735667,-3.266602644227121,Y,Q,Negative
0.501182765533581,0.5861005506144764,-0.36115000258587415,-1.1199989121078404,-0.339056127044797,-0.8467976005895557,2.366229200034618,0.1758697220693649,2.9928175591503976,Z,Q,Positive
0.41497491102374595,0.30769269615527,0.04648025012031365,-0.5348965057565712,-0.9753156152757247,-0.8979219844888586,3.666808329120644,0.04240309341377342,-3.762063592289132,Z,S,Neutral
0.8873340483900912,0.9383863501705578,1.4484795689459922,1.463016731224851,1.3810546724326571,-1.2946589904407637,8.566721531368099,1.0620526193751343,0.6510932576364858,Y,S,Positive
0.0010307646365449953,-0.06482450916200498,0.9990050662532269,0.7880346947087407,0.266603653126343,-0.6043876363340968,4.727213453278381,0.20066171528857424,-3.109134351287911,X,R,Neutral
1.1849926091391247,1.058889594104247,0.8649689925904753,0.001391789292699952,0.6574771364073595,-0.35257041479883544,2.1011724194367134,1.5858405716320791,3.8394135151294897,Z,S,Neutral
-0.022620158425652313,0.004446970973973084,-1.5151270730679527,1.0589942221400466,-0.13935579420700023,-0.041746963766014465,3.712609617070191,1.3841413130248108,-4.709278003901306,Y,S,Neutral
-0.5163429821491397,-0.4422135893217875,-0.8277998481471267,0.29402690711086044,1.3187359852731975,0.20851451756230238,7.507621166693708,2.196058517664984,2.0321179401039426,Z,R,Negative
0.5814542295326183,0.45773995882502294,1.269242786392993,0.6998424119201152,-0.3470811492658754,-1.3333220164953148,3.945369588151202,3.043225163915474,3.163500100795625,Y,P,Positive
-0.3324887865603187,-0.11558414235854508,0.1514547754070227,1.946236637737269,-1.1890194383903567,-0.5356126512616104,4.28660496180097,0.1920263818902341,-1.8968958691399562,Y,S,Neutral
-0.2789547037724484,-0.3245626260150379,-1.580855716805177,0.632630223319636,-2.757567237866094,0.8602822262638242,6.113910967726001,0.9472641344442875,-3.3505206021968146,Z,S,Neutral
0.6169564300631833,0.4454466586285416,0.575450349972347,1.524522091289149,-1.1705340671253093,-1.379197654797554,6.892110006543632,0.3723520745158279,-2.2380306154284026,Z,S,Positive
0.689622033994758,0.5568637621394803,0.14385141378948327,-1.8592857070781277,-0.4096633869327508,-0.2055419463230777,5.776485390056139,0.44809216040422745,1.9746290519170842,Y,S,Neutral
0.6772553755251383,0.5833738465892201,1.0978723979191658,-0.8903919891182176,-0.35810208806746346,-0.4449787971900386,1.4314231767248988,0.9456294345112919,0.1401150997896181,Z,R,Neutral
-0.7478667052084851,-0.5712242835464775,-0.4220394623873465,-0.6942108465228913,0.22432919039827368,1.1239550345065497,8.204422917746916,0.3642265823037113,-0.14095832920777074,Z,Q,Negative
0.6199509221631986,0.49382274570985635,0.40182825565861474,-0.4671598725236971,-0.5440860878386562,-0.44338556217025593,4.2975684773712715,1.208732752606907,1.3481572359530016,X,S,Positive
0.4111134458958783,0.283581622838448,0.36831066052976646,-0.8075194169122755,1.2319937529010703,0.35881005225736184,3.3385267144154844,1.0946121569267535,0.406112638536003,X,P,Neutral
2.0725119349086345,2.022141725787181,0.9630588807215584,-0.5785443210409009,-0.0059636749717670474,-1.552058051827014,4.640397947106062,0.1096124536111197,4.979540615555653,X,Q,Positive
-0.6341850207698891,-0.5419192055236526,-0.08068443705703526,-0.6773163982643342,0.4682955189123203,0.3343697835161575,0.7042346548269114,3.031718812249482,-1.719475803179662,Y,S,Negative
0.9205225403389813,0.811237586446777,-0.21633599855247815,-0.3245872639224701,-0.48126438155767143,-0.6937388915471713,4.097312014030011,1.1162444733046692,-0.883428707552131,X,P,Neutral
-1.7106262374534387,-1.564523001809904,0.4357308850344239,0.44467225436709645,-0.012204539553289519,1.8846481276741383,7.295612670414414,0.9602565192284745,-4.03015613575772,Z,Q,Negative
0.6241028132134441,0.6858488578289522,1.7847604031459188,0.33978130442759635,0.7546135470703136,-0.9836652615398407,6.5796681038236855,0.003059550467691261,-0.6122249195053282,X,P,Positive
-1.743319052265553,-1.6877783972426026,-1.0646023964904887,-0.4079728671437144,-0.05343881481166746,1.2318218559095664,4.495061575526135,2.7117830434479515,0.17640478205118715,X,R,Negative
0.7130699247760899,0.6476578439334781,0.8033284533940094,0.8384238510485125,1.0560810815614938,-0.6982721608377449,5.70138724999289,0.2705598893761652,1.104454895009165,X,R,Positive
-0.6592606731436066,-0.524353188063975,0.19425574937730983,-0.21870891833223238,1.0245645645558326,-0.31706019044478445,4.9829407647482595,0.9307944295218724,-3.5256652621617013,X,S,Negative
-2.119603246215508,-1.840239660365444,-1.6447660509167674,-1.3084590213727483,-1.5767857304021013,1.528740113866501,4.4949892485203415,1.4060998211455122,4.099518520192618,X,Q,Negative
1.1385776515653354,1.0628173393813667,0.7751757250185779,-0.0847470852727116,0.3901921555044657,-0.8577796250502607,4.2370355013657965,0.5408312810741719,-3.627151718148304,Z,P,Positive
-0.07630909201964733,-0.11987732661107618,0.5748036983472683,-0.4734056211775294,-0.12539745173969347,0.1189378624142883,6.308592334891171,0.22683326453517827,-3.5354905109484323,Y,R,Neutral
1.8115134987355883,1.6906122642672676,0.8178681057223265,1.6267758441839177,-0.46735997688997205,-1.271814644370099,3.9250567322239283,0.1574737489241196,-2.764663107729949,Z,P,Positive
1.493072100568457,1.4283161774774966,1.8151821430874246,-0.8117342222299796,-0.05442577404824648,-0.8977423013699054,7.498744388880319,1.1455187825873205,1.413491974529033,Z,Q,Positive
0.3291884537748142,0.2708499991298794,0.06743855883518723,-0.46864599438329313,0.9146721789860415,0.16184203723205554,8.854771019409432,0.6363545399914823,4.931736008971065,X,P,Neutral
0.14750520870089937,0.1799903280125447,0.8247633262224234,-0.5516875960718556,-0.9642923692953288,-0.47336886678244244,2.4139237714941064,0.9029262029220889,-4.901370164962559,Y,R,Neutral
1.4900303427805248,1.4050550658347367,2.1636526947057027,-0.3304433080603711,0.20806894744132032,-0.540109861918245,3.869924173214377,0.5977014249128386,2.253598230669983,Y,R,Positive
0.655154911531534,0.4952997083236619,-1.057198872286699,-0.15831796932265516,-0.4997785852407091,-0.795924786502091,5.09422008465948,0.3176342442599046,-1.608385697843345,Z,Q,Positive
-1.0362323620756466,-0.9061632843375548,-0.08097289827112875,0.28750544711653697,0.04238781611952269,1.6249741061205185,5.2284749880963295,0.11629590568917146,-1.4687595846285708,X,Q,Negative
0.20791334936952544,0.29417841027815844,0.1289495583159585,0.21935275952368832,0.5300801456455145,0.09660503805496093,6.10845147460289,0.5574134995419944,0.7783431304771407,Z,R,Neutral
0.8453144919340382,0.6956007548974739,0.1299371812635463,0.5062745864868217,-0.0915674857377235,-0.5386150403643343,5.719813305263333,0.033681634937608514,4.165335602432183,Z,R,Neutral
-0.06935273889198013,-0.3126088564336023,-0.8467436664470557,1.0854172608754276,-1.5337444642557245,0.6624219857096805,5.6656229120692005,0.9137557733745771,-1.7800603212449828,Z,S,Neutral
-0.2926329533447796,-0.15407581856204963,-0.9702855945172367,-0.03499245236772089,-1.6904961083036898,0.27339572309937316,6.128068099887162,0.19994302986749019,3.7594456678845347,Z,R,Neutral
1.0232766536656448,0.9200508705295817,0.3987926494671702,0.3947156983579634,-0.5501110576874636,-0.746830652510625,6.238184555649806,0.6939481089640827,3.1309498950790804,Z,P,Positive
0.055571918087225794,0.10323864437647305,-0.21227476567431805,0.7585583333445672,0.6930874609904126,0.5232119884251786,5.119198375977662,0.3335167094349048,2.2905233142739334,Y,P,Neutral
-0.039593945649608345,-0.0957762058956121,0.204349798896403,0.32393867383952946,0.4121264300574099,-0.738025194706635,5.63359146512351,2.242496982744599,3.504122409561951,Y,P,Neutral
-1.3458271304042455,-1.241559311828399,-0.8034823782394134,-1.1328655593883012,-1.8784361643563237,1.0406723995788032,3.9257576130880554,1.9319498242780235,1.462928469834134,Z,R,Negative
0.0336008582741782,0.061487293214460725,-0.2205672816407091,-1.428789203064722,-0.7903228079304679,0.528066872384168,5.394219221217699,0.3883014724379636,3.7951912181149012,Z,P,Neutral
0.4780636679145954,0.41015737235817357,0.2409707930484087,-0.5655661394325024,0.2404978595792024,0.09309833110740695,6.964345132111293,0.6424102258695686,-1.4858776989045133,Y,R,Neutral
0.7915823570120242,0.7559471003551005,-0.012332189854796505,0.9727866128081899,1.171361439054044,-0.5575300250416951,7.933360535429008,1.023828870638608,3.6203529642706016,X,P,Neutral
-0.5482362993073412,-0.4041996780343358,1.298694496899882,-1.3186371291237395,0.21090290438012374,0.2146187253806225,6.644015464712354,1.3142162667458572,3.703256990425265,Z,R,Negative
-0.19231289726232503,0.00656050883816639,0.707914069306355,-2.600563939955718,0.08603458694505339,0.22963096581454762,3.957005103169052,0.5056014459412521,2.0809651744127624,Z,S,Neutral
-0.9125493723029395,-0.9397105355299984,-0.3798946026679297,-0.16193208651725463,0.18229043534487616,1.287916945023403,3.9438455887587294,0.209990421385441,2.3887288447393864,Z,P,Negative
-1.7258232584475162,-1.6086539260833947,-0.10256414625297883,0.21623264556932253,0.5356187905923476,0.5450167851532147,5.116204879096259,0.1360501743276344,1.1411997040627107,X,S,Negative
1.1474093338221623,0.9968058721996599,0.2716952900122961,0.43191265687758745,0.06544648296162998,-0.5244205821696329,2.906251394801227,0.7352892912819873,-1.3990290955123994,Y,P,Neutral
0.08957750392776462,0.25501000984033123,-0.49674875516119865,1.267955832087645,1.3376141739194773,-0.48050712512646887,6.202137384013511,0.2809327550785254,0.027695184499961556,Y,P,Neutral
0.08397431138984067,0.01794010072962543,0.7762924063174386,-1.5431188651160477,0.20113001830775265,-0.35183892948355283,6.829518728687733,2.2441538829394356,-2.222060362318964,Y,Q,Neutral
0.18358033418457842,0.16596467638921567,-0.17306334690110825,0.04228877436601959,0.6758401255414421,-0.2968302159401703,4.697269667445231,1.1188193994201034,-0.34135836323001545,X,P,Neutral
0.6723426554448146,0.5979883467246456,-0.11918452138093533,-0.07313423620004883,-0.13419986138369996,-0.01615107045355002,4.395550131565275,0.729804661474181,3.083323496527857,Z,R,Positive
-2.9132374613414895,-2.6078459333959856,-0.9157239670377054,-0.9513417355875815,0.9867888453949706,2.4664137043060497,7.044245793611767,0.0712092113932669,1.7278872012181736,Y,P,Negative
0.6581434369815474,0.43057715618863035,-1.102225420687998,-0.5746284557959009,-0.5842871950352474,-0.6535545646491046,3.3506747210555883,1.2631908350005274,3.5890258679739073,X,Q,Positive
-1.0740472671051464,-0.8183753570144328,-1.138984802051621,-1.0273322970925463,-1.120855940190235,0.5078482950636473,3.5582480749598697,0.838778728015706,3.767199278142124,Z,S,Negative
0.5534775554952588,0.43273062987917893,-0.25419191411128444,0.38921579684589314,-0.7661586501512829,-0.8010140251774112,4.867007039103734,0.1799466762389874,3.552706298382274,X,S,Positive
-0.10814210007593622,-0.13280098911690374,0.9011898376178195,-0.007036732997212639,-0.693838447021367,0.8166095518980206,6.115155212255603,3.4291459453605366,-2.2519315424549955,X,R,Neutral
0.1713630035919482,-0.04563558038498433,0.3623354041731723,0.8741247956569367,0.8382472360906602,-0.6670361669527283,4.33241767990649,0.36863882025632444,-4.168584862220602,X,S,Neutral
0.0073694322874678355,-0.052324928758184695,-1.7221792843879984,-0.7588354466031362,-0.18154833480504218,-0.3096480462931906,7.356464654028871,0.7783006428342488,-2.9452661310973873,Y,Q,Neutral
1.5631655132084403,1.5461230266792507,3.016836878224468,0.6813194615755663,-0.660270099629822,-1.1988040734633978,6.2081929460775465,4.374630058004054,4.327070100956158,Y,Q,Positive
-1.4127994779804622,-1.5256094018995583,0.6570050733428457,-0.38785280164743247,-0.2183848789857171,0.8530944896831961,2.944780893387665,0.464922286338028,1.643208503406087,Y,R,Negative
1.0507022048615706,0.8978456376760607,-0.8121586692280491,0.6668368711974763,-0.5310758944285342,-0.714567788998689,-0.3068342655643912,2.393067235855949,1.861950280725785,Z,P,Positive
-1.15698461230568,-1.0170659042664976,-0.9875609509701978,1.083562761390343,1.221909411367279,1.6426100890750925,2.987581497598625,0.2174379440083867,-0.8794774743195788,X,R,Negative
1.166669524275445,1.1489591834998276,1.1164979253752851,-1.0758125949930173,1.3964210106972264,-0.6735148193729097,5.429594231799436,0.6056216424830339,-3.6757554164780535,X,R,Positive
-0.4974797291501327,-0.29042078457485154,-1.0630288874982448,0.2857854300299768,-0.6742300761645424,-0.14160284920954325,2.557175115618116,0.8585642741633851,-4.388142088694339,Z,R,Neutral
0.17901184860744568,0.1589639994842215,0.5138430349625734,0.17346798429849117,-0.04701849254312896,-0.802537924513062,4.3074367937091385,0.7632618140654865,0.8969746906852443,Z,R,Neutral
-1.1584842921026866,-0.937317407949431,-1.3826787014469286,1.2538656714149918,1.7101888580341202,1.6177502845850138,2.7629852207275407,0.8626041465995394,2.361208233931711,X,P,Negative
-1.0525099252580665,-0.8993891621797249,0.17666500661982487,0.39826833823443064,0.21778340768737794,1.070707088899108,1.5397357311382898,1.1041855947625876,-2.0110284877391447,X,S,Negative
0.3943131974868751,0.41981184880121086,-1.2922323096104487,0.5752848859896152,-0.09629690004972376,0.34864848935122683,8.465306012098669,1.4883613623447511,3.5535968495193355,Z,P,Neutral
1.5051164580229068,1.1671087766321566,0.36821298052326806,1.1308020297914858,-0.7317688318595886,-1.585488368416609,6.859154176430627,0.4020966904530687,-3.3675238175887037,Y,Q,Positive
0.6257208851183442,0.43431615201378415,0.689145688809918,0.13748174502813587,0.004708387937127494,-0.5249727259941753,4.6447604825581115,0.4539289789505378,0.8256728430327804,X,P,Positive
-0.10319757787490055,-0.20013818903106007,0.2408244513676544,-0.1224752181861562,-0.2702738266587551,0.7289981206676213,5.689080816739118,1.187848934866199,0.1709166564185738,Z,R,Neutral
-0.35715925540537663,-0.40266625500163017,-0.8150822550241188,-1.0840847397695006,-2.0147546062064694,-0.37081037054052046,4.744867178790121,0.1246602668735371,4.369703567578036,Z,Q,Neutral
0.17654194875985965,0.12732821554867269,-0.5781881948979182,1.4064667951129923,0.0939698765064038,-0.3824783642083308,2.023577970472886,2.3776466469240805,-3.730578084353647,X,Q,Neutral
-0.31475176951715633,-0.27866135252737273,0.6216987184756209,1.3808583090840387,-0.8493015753636142,0.6966678259358481,3.360178793876618,0.002488614838279796,2.4224832158494287,Y,Q,Neutral
0.4164819627544037,0.3403692478703276,1.0484639564542788,-1.0403181581284355,1.7123418171103677,-1.1268283165898136,4.409303907401085,1.6265375035596614,4.386683823852751,Z,S,Neutral
0.40793617916935915,0.14504766526185045,0.22058037447786255,1.320259679270692,-0.8406811150671886,-0.06318916244018258,5.142119423751903,0.3140066788412587,-4.254825031232271,Y,R,Neutral
-1.8327910700062704,-1.6729619666009834,-0.339227372260534,0.030197185006529514,-0.00900813255343575,0.9726598227795791,3.0145970525241266,0.2986485049908727,-2.6218731464663056,Y,S,Negative
-0.15614829374447542,-0.41846518786777004,-0.4341008940171138,-1.5255875379542376,-1.157941067691827,-0.5360820105510193,5.689995139785311,1.9490561295459194,-3.061110798627036,X,Q,Neutral
0.537123496119382,0.5760859476799232,0.2359398492206603,1.339878647367104,-1.0930954691679236,-0.7976443757185352,5.846967882341031,0.09784103883311872,3.6705384099782297,Y,Q,Positive
0.7778350158868055,0.5902644221092556,1.3159215070011943,1.2082257890322796,-0.2068678843004537,0.558501265218799,7.211728797460431,1.0619321887508097,-4.423658511869464,X,P,Positive
1.8724927454002243,1.6343308622033672,0.5028390733973102,0.0045577250300800065,-0.8927083471254624,-1.149858699192228,5.451034912837472,1.7898815644927915,-2.3498452955747684,Z,R,Positive
0.17427518536220085,0.22531756992576105,-0.2593992046728255,-0.15414726716083144,1.5562072834900083,0.908054564667292,5.8955758678482155,0.8957625032663257,1.7303774189806358,Y,P,Neutral
1.3118699390941524,1.001782976790243,-0.5191214970627005,1.199963868915252,0.04729852250506926,-1.1473526254715112,3.9949856068662104,3.033362450970922,-4.165270312208076,Z,S,Positive
-0.41023129671080655,-0.31186193329004475,-0.2970007428228334,1.0902493835221472,0.16412554571737104,-0.9588847336922369,8.845028532191941,0.7721583463324834,-2.7266094342956535,Z,S,Neutral
0.20209807824682094,0.06351428729304773,0.9606965692149415,-1.2822215425805523,0.30481383141827645,-0.8104829583135353,8.667187412402342,0.798137960241226,4.127887564540313,Z,S,Neutral
-1.1325722748228524,-1.1040568239673196,0.3418169267472595,-0.6413109238324082,0.7137973274191555,0.8768503565502095,5.4049159937345,1.3198165341050012,-4.020527236205896,Z,Q,Negative
-0.5250449477788655,-0.24755842596842673,-0.8452335426467953,0.5137083075931191,0.31368027593341774,0.4057253159235155,5.531520510516071,0.30523396916572726,0.3867201533639495,X,S,Negative
-1.8179189946777035,-1.3518362773765173,-0.9136610280931207,1.6785397973026623,0.6275736547198174,0.14630591646288083,4.500997783947564,1.906304464120084,-4.175284019274516,Y,P,Negative
0.20593616662532171,0.1791396897490772,0.6894973213020867,0.46190433021840227,-0.051464094634769704,-0.038216960478812984,6.807507519996017,0.04922721607077501,0.7722240671154124,Z,S,Neutral
-0.4083329192914932,-0.3805109880380938,-0.08036219421053095,0.5850784064015754,-1.9280617337518178,0.4582992741332587,5.423091098555587,2.175497573630595,4.278554120874812,Y,P,Neutral
1.0422021212642703,0.9445895064190585,0.9839534551114548,0.45895739266595403,1.586850188460349,-0.41791952148947925,3.9867953696994065,0.2632524592768514,-4.114132481733069,Y,P,Positive
-0.9730583857690652,-0.9124634225706902,1.1704223797815059,-0.5876061343103376,1.1887174776504896,0.7313365951999939,4.077419003723618,0.8100603079445973,-3.420655887282822,Z,P,Negative
0.29662895551114604,0.2328609729604826,-1.3618423353872944,0.7185050652540346,-0.38252221247924384,-0.4698076270909518,5.081843941139435,0.5139752239661559,-1.5930558823674446,X,P,Neutral
0.6644151778502742,0.6490368963462081,1.1401322907912739,0.4652469839458495,-0.2593472114105003,-0.5626736696795231,2.019099246967663,1.6805408600075062,0.8274264026642895,Z,Q,Positive
0.22830289935676293,0.27244071473059606,1.2378715507761386,-0.11208381580891716,0.960864682631315,0.17501033684777964,4.403133216031976,0.2530977561533637,-2.41699789938568,X,Q,Neutral
-0.1719171646523052,-0.21354069085793903,0.758321490649057,-0.5090631298873776,-1.6376531310554432,-0.09543672443920546,5.524013378892582,0.5243358686407781,3.933887574843137,Y,S,Neutral
-0.4129378039101256,-0.38569716805597226,-0.23634212167242105,-0.3713551523911599,-1.32760047296469,0.4511248751359158,2.880377975099707,0.9676245110751165,3.8421424310890053,Z,P,Neutral
-1.4159198198287413,-1.358941435382878,-1.6081308868233795,-1.3781513141288841,0.7767144799939427,0.4103120966224034,3.2611152201073192,0.17786490885056552,1.362340194084882,Z,Q,Negative
-2.3141577281991417,-2.148615321184626,-0.9565921326434592,0.9402632525034413,0.10279872055496758,1.1555698733545616,6.201351547712818,0.7548889945091213,4.962563393703213,Z,S,Negative
0.0058108021918874065,0.1401118326822742,-1.3269802196553309,2.3592795244247213,0.08837752693454436,0.494873191566199,9.306816562045295,0.16974633796437477,-2.188763930782006,Y,R,Neutral
-0.607900890766059,-0.47528818187583866,-1.4548005027110162,0.7907809574451918,-1.7741056140346871,0.47921421765054634,2.393275980175266,1.9826389109980456,1.301264227975918,X,P,Negative
-1.870587960849941,-1.7831938792012045,-0.38866901014935795,-1.9288434540937993,-0.13206636674248093,2.0274487927507208,6.212889332105395,1.4556703013398997,-3.4787447337419577,X,S,Negative
-0.14510720723355916,-0.11254429951298583,1.5347022365850043,-0.1564378439575497,-1.1663286292703419,-0.3852847335961296,5.6386497369416695,1.2941690478372347,0.014760672330180746,Z,S,Neutral
0.6147865053933731,0.589311956361173,0.532985101963052,1.0992899188214593,1.1426397033231632,-0.19611870157300362,5.02551442321775,1.0727637304544,3.294831212446198,Y,Q,Positive
-0.7773915902873415,-0.6164881364618641,0.7785774718408753,0.1443627763955948,-1.8858645546958834,1.3011574223735152,5.878169776032399,2.349260227304858,4.4452294112652115,Z,P,Negative
1.0418501722745244,0.9818812508291912,-0.1071557654414057,0.3073419356986583,-0.08835150513846997,-1.3032579277745309,2.3938573867291333,1.537565260598273,4.012050132216329,Y,S,Neutral
1.2026259634661178,1.192958596275976,2.3999938279528705,1.804349987048083,-1.4922662802848659,-0.5571192935055655,3.244281231988614,0.8134630161091917,-3.9825305774900333,X,P,Positive
1.1783359521694061,0.999546151572383,0.18550638392572827,0.1628076527027282,-0.24285420367864383,-0.9402584234202941,2.8518336957107495,0.40503692403278807,2.6064179033269195,Y,Q,Positive
-1.079256686526838,-0.9085110783209254,-1.3364901971105572,0.23852081675438133,-0.40185014047156764,-0.019938545577873,5.8734497065599465,0.1673643973484357,2.269404391339621,X,R,Negative
0.8607076875255144,0.7463719427451536,1.8135515519112713,-0.24384762758897197,-0.5818591631517293,-0.9955154929768403,5.035461946799617,0.7670610438911099,4.677517284576929,Y,Q,Positive
-0.7283114797021046,-0.5400216226109771,0.9188716950772143,-0.6153059400485146,0.5245961715091927,-0.06786842129086457,3.7937175723100376,1.8671475288994315,-2.8634083122452134,Y,P,Negative
-0.14607130890819675,-0.017962339134912242,-0.5169672411660382,-0.08208432626655797,1.1110577542642304,-0.11499297421491196,3.9731086871337027,2.057948821887167,-3.2111916426192613,Z,S,Neutral
0.5935297023256986,0.5954493206243062,0.4163531897268282,-0.15412050800353472,-0.2045559233533355,-0.5713717963380254,6.875118903138184,2.8674779871784564,-4.763655684365126,Y,R,Positive
-0.6559833775399136,-0.6717657986760832,-0.8073286920170828,-1.4465790364532085,-0.41378185874527307,-0.06825267303844373,7.301062069586834,0.28990980676142636,0.9944923439285605,X,P,Negative
-0.012770756650725155,-0.017519499260780013,-0.6492841814189977,-0.3126408909602766,0.6135510257069935,0.5159845975266034,5.322476522297536,0.06426561206146934,0.24363567142066422,Y,Q,Neutral
0.4265740736165825,0.44043895647449616,-1.004991119493359,0.8043111135295111,0.19849992072271533,-0.7005860925072667,4.653401116099826,2.2705404085355703,3.3028710887805506,Z,P,Neutral
-0.2982218866197886,-0.2748270109384432,-0.4087308637130006,-0.4949837781437607,1.0547776419662214,0.7389559730305446,3.6801324118007397,1.344479444149305,0.7899065800693874,Y,P,Neutral
0.6409215487978316,0.5820261549533067,0.2525637966384355,-0.1827122537346815,-1.3786528500344837,-1.1198953660731115,3.892591586626778,1.4030734299342151,4.045025348653725,X,P,Positive
1.3014584247838619,1.21110864073198,1.968017213452851,0.601785765251363,0.60352868835731,-0.34541933357642485,4.162868472083054,1.6926754292901156,-3.925602133332254,Z,R,Positive
-0.33014049392633926,-0.32901300433370595,-0.7557976020885159,0.27587485839869375,-1.4396071825048908,0.06934620764673133,6.455732614829941,0.6974791778512223,-3.5322992612974136,X,Q,Neutral
-1.8283818941805832,-1.5730578437143992,0.27629375187374117,-1.0354265736483588,-1.0480558430825635,1.0353451240168947,4.558001401725662,0.3753950279944425,-4.387464976608552,Y,Q,Negative
1.373259369970386,1.1564113237396911,0.7194655752397402,0.7123697043944894,0.16568626959579377,-0.8894803243507825,1.213115291196258,2.788795451002812,-4.844941320180576,Z,S,Positive
0.6848600919578535,0.5854745441921416,0.9510932090676827,-1.133554404418125,2.4514760899110364,-0.569062436975634,4.0355277364124555,0.676776297579677,-2.6733268039889415,Z,S,Positive
1.2841260644154324,1.189903812832209,1.8835028632172728,-1.1561572710710029,1.5097778612117447,-1.3202459637124833,6.512568659270363,0.8071929871846261,4.114286459356991,Y,R,Positive
-1.9650794256039967,-1.642496896033529,-0.9261132388941131,0.5474610397893596,-0.006479218212439354,1.6608065521287272,2.9081042057710245,0.16422278982721994,-2.8715966283670102,Z,P,Negative
-0.9524537634036857,-0.8363816624444058,1.1762085908902735,-0.09418262232752117,-1.1931653999643286,0.8801337929717377,5.390398042435721,0.08961463866077288,3.0812321355975563,Z,P,Negative
0.5586228061000825,0.5874965573955069,0.1997026754140017,1.6130648613389327,1.1688504032252347,-1.158012364840911,6.043775765411182,0.5218533098046524,-1.569898813575843,Z,S,Positive
1.5939129947327162,1.4339484969014722,-0.22575167702948384,0.931907953502173,0.009492603612682284,-0.7228073245783049,6.825087168086143,0.23539087233926062,-0.10441961954249646,Y,Q,Positive
-0.6241224328497929,-0.4055808376704195,0.3608805132514498,1.2740577866964455,0.6469624852892044,0.44267337811031165,4.213930283882068,0.027563962327135753,-3.500305811296384,Y,R,Negative
-1.242795241814163,-1.0409311454798036,-0.2596024997774659,-1.3456591642654405,0.0567769369268025,-0.16442444211250518,3.929675689251804,0.40129749607889176,-3.159655673807068,Z,P,Negative
-0.6456920985272925,-0.5307849252528573,0.9954722894513521,-1.7803703164393752,-2.1183038018499407,0.041180906401227346,6.926012310275103,0.05346341028912056,-3.92247338073647,X,S,Negative
-0.7021490323170936,-0.5550260169974528,-1.2682174706006086,-0.5929281079430478,-1.279859558001537,0.25726991726216175,3.6358138713362327,1.330329205443662,3.465467662241686,Z,R,Negative
0.3751564094798489,0.525707334365044,0.9216726720291889,0.816007065726519,0.6106823000757323,-0.4479511779454977,3.1507121007777634,0.5101810104340792,4.346594111500464,Y,P,Neutral
-0.34028188802759474,-0.05039091354649927,-0.10695063181047522,-0.29196331840188955,3.089221790733294,0.6562947505423308,3.6635724873614395,2.054603949599607,2.9131876862219386,Y,Q,Neutral
1.1387378560199162,1.0011553269287425,-0.3314713464481469,0.7538019652501456,0.47427181116867023,-0.5036657524419692,2.3649833564538905,1.3801248919675604,-3.6924938373356495,Z,S,Positive
2.2154066671757757,2.152609407817395,1.2831715210241206,-1.3566698360369238,2.797048147210188,-1.4949405633609874,5.712956116891855,0.15606092946391553,-3.8126330483601176,Y,Q,Neutral
1.1515675030597448,0.9670667291561841,-0.2919803506561027,0.37336254198726704,0.5434599267041305,-1.2638312597523604,4.173957966248425,0.020645948102808193,-4.001618158678894,Y,S,Positive
0.18128994179018876,0.1275692155539233,1.0931585148416771,-0.13856039038084114,0.5064685617805575,-0.5863592514662253,4.995305381958926,0.10084574012133406,-2.0606584091424085,X,Q,Neutral
-1.569963027786714,-1.5264271083185794,0.6517210615300436,-0.5499078871088054,1.3075787718348608,1.675603123343218,8.013483576884177,1.920641288639087,-4.119456964642315,X,R,Negative
0.1989330042359247,0.09391039804543763,0.1266836499268528,-0.0014430444392893177,-1.4601636741517516,0.42434922653738993,3.722832479712194,1.1384802776429412,2.0654249763978596,Y,S,Neutral
0.5161704729732142,0.3874449024178289,0.8071573392792207,1.0062047359331028,0.29418222685542844,-1.2639862647327482,5.3461989377791905,0.21915130633576882,0.009484784861303552,X,R,Neutral
-0.11189917638482895,-0.13740379741802874,-0.8209702706637675,0.7042444793859539,0.017660916520577313,-0.3444608601942429,7.182916759507377,2.347134723787592,4.965021932638681,Y,S,Neutral
-0.7830324662204069,-0.7332527009656835,0.2087607823304447,-0.759435934929991,-0.6024591123548985,0.5104694587418235,3.8968583762527125,2.250410128876799,4.8081610743818946,Y,R,Negative
-0.6104735914866333,-0.5003259246436192,-0.8550220099196559,-0.166496357007563,0.137061876575558,0.7646290193279817,6.394903131541297,0.06294900052028123,-1.63760316366802,Y,P,Negative
0.19266954508714004,0.1492286159542019,0.22013585095949867,0.2439310851296552,0.34580245854551384,0.4540184237264346,5.7710602252291405,0.4666894748697365,2.48497128246812,X,Q,Neutral
2.6973515299122774,2.614708198012427,2.5468840015597687,-1.0178227642218147,-0.5920208744138709,-1.9768188049540718,5.882442514712434,0.8778165109333081,-1.9998898164427237,X,S,Neutral
-0.25081636991368184,-0.11638351130172589,0.6817376659644345,0.2925476514734273,0.3150008508502496,-0.0790752668640427,1.8595256818424137,1.0492532901799199,-3.9977270782487406,Z,Q,Neutral
-1.6810868548818665,-1.6187924120766373,-2.0083899464819988,0.38494551648897496,-0.16764585374882526,1.8721249664312076,9.284890241750903,0.2280233235365145,0.6549238562532231,X,Q,Negative
-1.8591640963486586,-1.6397373370143187,-2.0086789997638945,-0.6856836497490042,1.1361702276689394,1.5801409859137485,6.324119881296438,0.4063339370031655,1.1866211422834274,X,P,Negative
-0.4586045227574257,-0.45897050413090035,-1.172882659089941,0.041393986191853485,0.36557021623637875,0.6824186041245108,5.290976255070103,2.0579954744840467,-0.7194925608205622,X,Q,Neutral
0.3927808542637078,0.40656986293803393,-1.4551480240153405,1.1799146908924967,-0.5549275361915919,-0.2961433098688877,2.971151448555806,3.7360835741378877,-1.1132420954585553,Z,S,Neutral
-1.1828688646733578,-1.0590569708792799,-0.5448630636369511,-0.7888566237845465,-0.267772318154235,1.5691723004808191,5.983307595416218,0.19748980014682044,4.036042947690783,X,R,Negative
0.09411243977037707,0.05758620848842691,0.4178268959980718,2.183576197932095,-1.2065847023476324,-0.4605034898228427,4.7092615742438495,0.6261084362309838,-0.7328761119954006,X,Q,Neutral
1.2033935617945897,1.1945529873540492,0.6107718789286397,1.120524597726431,-0.1409425070366805,-0.6930647011550242,2.3137910760126124,0.6388648196864103,-2.767042388093066,Y,S,Positive
-0.6653582975694962,-0.7870357420306069,-0.006186489234897341,-1.2332968924534093,-1.1517793483877914,1.0399105611451334,4.131429126316995,0.5629612400296408,3.9859927749569337,Z,Q,Negative
0.11596837096751932,0.10342973872378519,0.9820538471403909,-0.46440264241550716,2.076140583414678,-0.09630539359117944,4.187223277041352,0.7523635242007898,-4.641523965889565,Z,S,Neutral
1.236119325741593,0.9543662369157102,-0.08464574153315518,0.2578457559838446,-2.1024159974633077,-0.4969112257158675,4.90013471789037,1.8581425883531923,2.5633282371520005,Y,P,Positive
-1.0535656479944215,-0.840210207094128,0.40298866301814407,-0.5476536154063811,0.631249055277994,0.6187709077351174,8.120146424424266,0.505493249344915,-2.9308571435443387,Y,Q,Negative
-1.7940091649553216,-1.6041281043520892,-1.528209084473501,-1.2054026870986874,-0.6318206568973971,1.1301592356021606,9.173085493992751,1.4518263834853427,-1.453541418484281,Y,R,Negative
0.8258173118143741,0.7088589294302269,-0.3293774232848903,-0.7701051492796399,-0.17723761241202535,-0.3210698469073285,-0.22995671409405638,1.3276389508434625,1.4624693215928,Y,S,Neutral
0.7855222132768617,0.621905393783811,0.8321817588601486,-0.3621765369664406,1.7075613648404055,-1.1405172869767701,6.897000351222234,1.8406358060648857,-0.3497322611684863,X,R,Positive
-0.9154377724108766,-0.9391167025242064,0.3788351043314553,-0.5095014635268058,-1.6375249949048936,1.6027770158465073,5.549233035751788,0.7312931163320335,3.6586879334404543,Z,Q,Negative
-2.424046591829271,-2.3516885637154217,-1.0187143675497632,-0.2498055037450448,-0.8595273978202107,1.7665089987829488,4.06150536962189,0.5657099475612024,-3.120256805511854,X,R,Negative
-0.4791373561164094,-0.40872479000083184,-1.277262771473873,0.05125656462460523,-0.024429426557309987,0.04162558089103591,7.702755127095951,2.00737417955804,4.949411730942453,Z,Q,Neutral
-0.020019709657249994,-0.040120787096550495,-0.4445420412063064,-0.5423983509872685,1.2214976009829905,-0.43948609112655607,5.599398892086007,0.16275841394781587,0.34171814239671505,X,R,Neutral
3.6407517787736086,3.109139158466819,0.8230383541106187,0.8854552219973603,2.164502312229866,-2.757775152487742,8.248053361838341,0.8640729591979839,3.4439732058663903,Z,S,Positive
-0.4077363439183763,-0.2550836967684015,0.038988071238246796,0.3533985848516128,-0.9149953261358166,0.45952195085448533,5.059279110533165,1.794350393015673,-0.9725409935917861,Z,S,Neutral
-1.1992778642562791,-1.19229590772642,-0.35185835072785,0.12071390406386015,-0.6074221805631058,1.4589462206338193,4.733887308832833,0.13839451627131422,-2.2377963757443564,Z,S,Negative
1.4266236896390299,1.4637068493366947,1.9620404602901433,-0.9377669859106627,0.2480643942721603,-0.4755519828785565,6.319957199155475,1.902367770984039,2.4146477113796463,X,S,Positive
0.20087674590475768,0.26530506160499523,-0.019084789009818623,-0.6926488308262532,-0.27017637871048994,0.24549261562460492,5.600786682595462,0.19223657839140004,0.25080061766693085,Z,P,Neutral
0.06510295112872837,0.05378926835358373,-0.960826602609346,1.841517001796522,0.23899395642339064,0.7843802331274207,5.0392810904541925,2.6424802171501813,-3.954014660502012,Z,R,Neutral
0.777416451669731,0.6205470681768157,0.013357471163707557,0.21829868992819373,-0.2799987811239644,-1.054352740589556,0.40750777675586836,1.719491720735581,-4.5097639762494826,Y,S,Neutral
0.10570023541774619,0.18026712318339355,-0.04598840368276539,-0.5127347468063972,-0.5995029045288289,-0.7228257132865642,9.951176185736216,0.5924128307563862,3.9804386153585583,Y,R,Neutral
-1.7287174006086399,-1.583697624222973,-0.7605523677944808,-0.41405433852615037,0.10364624234647052,1.0308692753107263,6.029507566246284,0.3556991093889545,4.159056896971462,X,P,Negative
0.6834010155289915,0.5597519129719679,-0.8630996526743384,1.5043800911182246,0.3801906525764548,-0.3786815218030283,4.308772844090922,3.0148563356552653,-0.5573892744145166,X,Q,Positive
-0.10282444441582299,0.046226500560618736,0.6269035090692434,-0.1130556171254438,0.09641420251081183,0.9270206001375065,3.5658777166171705,0.018347449384083732,3.776772409295365,Y,R,Neutral
-1.1927867057307207,-0.9945449439434939,-0.7239994402164811,1.4847517497578249,1.7967651533261981,-0.07403248664512851,3.126694946384027,0.7369072496597555,4.598644839870204,Y,Q,Negative
-0.5524920765410756,-0.35592076589830357,-0.7510957883510647,-1.2435166277235528,-0.6807518955985578,0.24330089452904005,5.032955833159406,0.6991169484400575,-0.36544704305214193,Y,R,Negative
1.7315523737006613,1.5985467723445803,1.4650431629478806,0.4233541624585151,0.3316129210770737,-1.3406058926902893,2.099819103337125,0.020465550325851508,4.225375960935274,Y,Q,Positive
0.00906870983375653,-0.15015299454471812,-1.5518906810297828,-0.16939931807808783,-0.39670628754255444,-0.6447537750815237,4.303270867606407,0.7079294896348943,-2.551083001363952,Y,P,Neutral
0.036520787517585085,0.18785044368402426,-0.8875621866097787,0.6453568889678517,0.9606232205908157,-0.07504616392846852,4.238672488134051,0.37474260078210264,4.871253023475369,X,Q,Neutral
-0.278409819222192,-0.3274151081732328,-0.4758794660561948,0.3645674714877052,-0.2029596441786273,0.0989038136235772,5.679351597450514,1.0586751737009268,1.6590222350863062,X,Q,Neutral
1.6589310294474096,1.4323032460564262,1.0723241803539956,-1.6930486744599191,0.24149034390925184,-1.9607806318303294,4.987776244784027,0.5349901844978897,-0.9765145974131908,Y,P,Neutral
-1.080427579069586,-0.9448043237374482,-1.245707633336574,-0.8893154400835733,-0.16777050067828997,1.7733398849148045,1.4405986345203425,0.1361283726926004,-3.9478626419186647,X,P,Negative
1.5430052948346757,1.3213835434765648,0.7628256152296493,-0.6948827749022819,0.038080936025331184,-1.3605055520293392,7.719519148181067,0.20403327276670677,3.2529301102561607,Y,P,Positive
-0.3393512462773247,-0.25530018236486185,-0.6431171075384757,1.7920471431509997,-0.9258493619452917,-0.43754760121932423,5.105543460775141,2.066853805164693,0.8225051581403466,X,P,Neutral
-0.7961739133482474,-0.7644810255159201,-2.15238866810491,-2.2550788798587194,0.26520330524809504,0.5414133328594479,10.703142979209144,2.6907540535416388,-3.7115551464594674,Z,Q,Negative
0.2315429196179748,0.06603100893463351,-1.108902454021602,0.9719213922316184,-1.232371202424276,0.4544930231509041,3.8947189839233505,2.2805420407064902,-2.1377254586852823,X,S,Neutral
0.49483770260013865,0.4379582155604667,0.37294148487603296,0.9006721210054491,0.17087107772483542,-0.7760020721806138,4.31812533080271,0.9328044763282669,4.795227565710187,X,P,Neutral
-1.2591203056816225,-1.0379120843804044,-1.6364433773394556,-0.22706823797690673,-2.146184549786191,1.2155238906347985,7.499005398021465,0.6080629154597846,-3.7844614485395156,Y,R,Negative
0.10004638965275357,0.2120070982249188,1.292448876025215,-1.0236589409652943,-1.424707770396129,0.17057194196758957,7.894417292538929,0.11473667111958664,3.5136184294794326,Z,R,Neutral
0.9679146250945244,0.9212058036154934,-0.12455897630630203,-0.4868750310022401,-0.16029308925808114,-0.7788776684958971,4.965070863641684,0.5031668176827644,2.995466171728869,X,R,Positive
0.23760344478051543,0.3329668200381788,0.8432694780134307,0.7196481611904817,1.6123750139304196,0.42229997295512417,4.731251268977208,1.7972496646388327,-4.42047421285272,X,P,Neutral
1.133288952640991,1.1261143693485047,0.47483987253125076,0.8830787758579794,-0.8843499903210349,-1.094364821988111,0.6931040756459179,1.8426890627350323,-3.047665176057792,X,Q,Positive
-1.2855573183162077,-1.3734503031994216,-1.6944803606128986,-0.10041666049487044,-0.823328466035374,0.7998797907977223,7.371275503340646,1.6645495295056507,-4.26526372947421,Z,Q,Negative
1.9428528503134581,1.8351835094345113,0.7367482983446934,0.15595767624258505,-1.1101395572049035,-1.60686270481176,1.7867018848879228,0.8420820915380905,-1.3953913751424682,X,P,Positive
-0.30320139125854084,-0.1550171117236085,-0.08641831057197387,0.08882055654010387,-0.4760068896407155,0.20496030064226423,2.0028894126036,0.7273428484042384,-1.7778311896272014,X,R,Neutral
0.37915231633967666,0.2931610257738532,0.18284858955028183,0.09099153115936778,0.08845790193422164,0.026279343820441226,3.949858677357949,0.25492759838444967,-2.610927385922727,Y,Q,Neutral
0.4860654903670358,0.4685966090215264,0.3235001971630027,-0.21821254644787808,0.6489221931704803,0.5033008979783118,6.110900167968558,1.0619337277427523,2.1127531006472733,Y,S,Neutral
-0.24448576728743696,-0.24998377118013052,0.7891921205825755,-0.8015681456215448,-1.2492911678149379,0.10026951464999731,6.681753607585826,0.14388709321503773,2.486724030433491,Z,Q,Neutral
1.4345632842427403,1.3628968372400436,1.6064073722237027,0.1513636741551621,-0.4957791244190757,-0.7510200994604976,7.221797718947147,0.7925380704905606,-2.574660488199374,X,R,Positive
1.4040913656996459,1.392924624647257,0.65915094958613,0.8843274848959217,-0.1803287532080105,-0.21324976387612826,3.4248725626840706,0.4316309376079147,3.7788941149562394,Z,S,Positive
-0.204758706790411,-0.11841416054580847,-0.17883878705637846,0.7199782957779218,-0.06257986413368952,-0.12407396889818972,6.436463425078827,0.4690343546839943,-4.34166098517934,X,P,Neutral
-0.5441691122376587,-0.6230695377278881,0.02854179010618485,0.14357190711012224,-0.8090559819148534,-0.051049624455110465,0.06091175238261215,0.17321716973176549,-3.9524757673782354,Z,Q,Negative
0.7382742919120306,0.7333620553977299,1.3117809721642173,0.528726555897986,-0.05699773560886893,-0.7966715721829484,6.44960762604566,0.12187806253377567,-1.185063134104566,X,R,Positive
-1.5336573626999914,-1.364505267275105,-1.3986410358050914,-0.458634337547705,0.3936394530560928,0.505748634665896,6.036474734016116,0.4727444566160622,-2.018811692271697,X,R,Negative
-0.017506277047826153,-0.09177429137424643,0.4190151630562375,1.0621354134091359,-0.4706704160005037,-0.39361095554623726,4.2143064845601215,0.3634619329052356,-4.566192639238027,X,S,Neutral
-0.0752088975149829,0.1120330359208201,0.09344548521537033,0.08638867866155325,0.16520442195786966,-0.44264214386413286,8.463918388914532,1.0756123637138983,-2.7678724325575335,X,R,Neutral
1.2207041405768302,1.1001194460108303,0.2352824751386563,1.7935654850081395,-1.4674134983399576,-1.5747500541321355,1.8984168164950042,0.6366524400074118,-4.54450550121043,Z,Q,Neutral
-0.37388730059576203,-0.4171300244091616,-0.39887989580920713,-1.3650694426994572,-1.4932654627663742,0.31371929625814404,4.398702887249012,1.6400401919698235,-2.138368392241402,X,R,Neutral
1.4407319798119242,1.2002342121974334,-0.21805326989597806,-0.2592212236277413,-0.007046195606709641,-1.4590923682960764,5.877178103763633,1.9717719757635122,1.2389330552429634,Y,S,Neutral
0.6230786533736468,0.45570852961275127,0.9476274341850879,1.324470348925831,-0.20458698836289177,-0.6387905556744097,2.601251633578349,0.2034519310965439,1.7660116236453192,Z,Q,Neutral
-0.005254348323409369,0.013462807205307587,1.4338532087769778,-0.6822169119159296,0.35367535095651553,0.011490636672046051,1.978901189136753,2.469863409276617,4.088664748018518,X,P,Neutral
1.374014043893269,1.4380391604031244,0.5887399251335313,1.7523528598482752,3.2650399650900592,-0.469847829410823,5.659954568082005,0.957202196132197,-1.400969768904882,Y,Q,Positive
-0.6338124480849995,-0.5245609560928394,-1.370773155820326,-0.20237564353384807,0.3040345151077724,-0.20679678423109665,7.469755702675089,0.38628380675240787,4.762315928100039,Z,S,Negative
0.13543671538199695,0.23708737229287952,-0.47911955815074486,-0.6275382773029269,-1.2259152543284186,-0.20550921928578417,5.390461774081339,1.122513215834921,-4.784921175080283,Z,P,Neutral
-0.2818038534998621,-0.24035760988172228,0.3719312332620104,-1.5460422799585387,0.05926514889217278,1.1758451268742143,5.082331051187679,0.9349943755184589,-2.758796974583151,Y,Q,Neutral
0.21419349051092226,0.16807291780422365,0.43620042938388853,-0.8409932842871415,0.02896270682555436,0.14723592493941773,5.1665596887579905,0.35115937766990163,-4.994028312522094,X,P,Neutral
-2.6883747175377644,-2.562851163869352,-0.107991038203064,-0.9741408413428908,-1.2058777637730518,2.789144047979057,3.2557641886943887,0.2243298771030249,2.0700911230817827,Z,P,Negative
-0.3388092180125079,-0.3543348594630163,-0.1878708863469663,0.6013848619806594,1.6049243050146222,0.058694399414313675,2.9292286230337536,0.13141477749148053,-0.37553344619657114,Y,P,Neutral
0.5803251829459365,0.49920702032821396,1.2974723726135922,0.6516926982233211,1.5265229672785272,-0.884373721119582,2.690169044401854,0.49099061983115694,3.2204382152716065,Z,Q,Positive
-0.8999935411127058,-0.8742874070715053,-0.9031389968949568,0.789291753494537,-1.1051184749815748,0.6658314415785231,4.982126329496659,0.09561487089348315,-3.6095270997285134,Z,S,Negative
-0.7101892803451945,-0.7362194177092545,0.29200797967416964,1.2990207991404976,-1.3140626965495295,1.3566830474218152,4.896696070732586,1.4921133994123066,2.7157558021297143,Y,R,Negative
-1.205285395402451,-0.9970064386961949,-0.5601341142261147,-1.551462932918347,0.3614864278796893,0.9744920246424571,6.2173112636807675,1.4687331139572928,-1.7296676348757267,X,S,Negative
1.3106262074142925,0.9907470043729774,0.06644754996730595,-0.24330907086195658,-0.13300619253340054,-1.4346761049969117,5.256522305220646,2.98330602081562,-2.11502466954288,Z,P,Neutral
0.6915910726187515,0.6063197052394147,0.7623766969243383,-0.7157926297325223,1.131732608744946,-0.5368474464779187,1.2223465243070013,0.39115580105088193,-3.6776684076148247,X,P,Positive
-0.3297928284094882,-0.2573640191214875,0.7410218587239624,-0.2196688794517098,-0.259635268868483,0.7725460318749602,6.186439195281927,1.5844365328617944,-3.614691466829486,Y,Q,Neutral
-1.9188941026230686,-1.8005399949919776,-2.0371703421639276,-0.9016008296770558,0.6520167994401557,0.84580014389024,3.2885706524478726,0.9194693582972026,2.448587947845292,X,P,Negative
-1.8010751489855719,-1.4872591910075719,0.6735467224922498,-0.8770396612507302,-2.2164546985653133,1.25383666509437,0.7446799063157465,0.2894422360505097,-4.254553979525308,Y,R,Negative
0.3781798225946208,0.21249031131176446,-0.1507632344653939,0.6417821154387402,0.4680635635123522,-1.2577940911617471,7.513226528196746,0.27609590424973,2.959171393077373,X,Q,Neutral
-0.7084243493528746,-0.5928904455876125,-0.43838050429007236,-0.5122732446172167,-0.6931982901830469,0.5591446146651908,5.101459135876834,0.33760666321811983,-4.261125110869015,Y,P,Negative
0.743716728959474,0.6482578781230861,1.1870943068420974,-0.16721358099584657,0.5049290001990785,-0.442608135370878,6.917092447618887,0.6707509748990858,3.338501210027232,X,R,Positive
-1.1909259232389782,-1.0469285087467093,-1.0205669775969193,-0.6594730804357765,-0.8262212870858626,1.256664161380704,4.457227978934043,0.33471289194709836,0.14653025550951426,X,S,Negative
-0.7962515442232915,-0.8683369017925795,-0.38013973795583417,-0.8604120623593552,0.0769296012752826,0.5481153481222937,7.397971721990366,2.080874741804924,-0.7629848582712953,X,R,Negative
0.8195987953861478,0.6239430000772254,0.7480146730752604,-0.5498990353301944,-0.19259717881896932,-1.5394174004616807,6.911674992901157,0.24465374767985726,-0.9993916413808002,X,R,Positive
0.0036926364395425044,0.04321615065474215,-1.1005017484341688,0.4635550153036623,-1.6055051765652697,0.46106022348640463,2.4716612667162745,1.7200218973885357,-3.6538146307729704,X,S,Neutral
1.6334556809916352,1.5012738537118695,0.9430857921042903,-0.05381386150681683,-0.31755059182047696,-1.0352432694550942,6.830490406372936,0.3983253273000114,-1.4771645255194854,Z,P,Positive
-0.6372731764485033,-0.611662153006638,-1.0491025219408971,0.9462275215956389,0.03481459321292598,0.5891430476710003,6.029523896369106,0.8700926364725492,-2.2459443465475992,Z,P,Negative
-2.184667222293753,-2.0819798621246735,-1.5904375712768972,0.8004018702599002,-2.9813368935480242,1.4428472288283594,4.6459141507159245,1.1711681601989672,-1.6917206049148312,Y,P,Negative
0.5367686842501014,0.6509499007183257,0.699392457833796,-0.4839801039855852,0.9136415821509292,-0.28029457721355894,4.872920667773453,0.8501085112310262,-4.712284030312334,X,P,Positive
-0.7212660860346781,-0.8453647996720829,-0.1791079934066621,0.12954516535465782,-1.225238120600706,-0.6338342619151692,6.724517244021097,0.5853682023367557,4.867391783082821,X,Q,Negative
0.7434713965206856,0.6840579347397543,-0.12318502309475254,-0.1325121463959036,-1.9958647688987647,-0.8672843324910766,5.090009542530012,1.4593907110260553,1.7023849579801524,X,S,Positive
-1.2088815766303824,-1.1306054482378796,-1.5694523327345293,0.761294854024901,0.1103131625476645,1.040998910109504,4.4764515619947325,0.4806827623278876,1.166190925937462,X,Q,Negative
-0.5915013117934463,-0.49790011651882515,-0.557400786060499,-0.44807282995468833,0.3909860435622378,0.4298631741861883,1.6535741417601848,0.21321666938043923,2.183166052809735,Y,R,Negative
1.8771346481044382,1.6833914141643975,1.5124123143364312,-1.3637806147842022,-0.32383499902872337,-0.6694217106775971,-0.3558310325924463,3.1936888890521407,2.496911730837688,Y,Q,Positive
0.05332585973064473,-0.0954073876473912,-1.2355028967858452,-0.1396583699144166,0.6837043969012979,-0.8429883657539419,2.5217873362958096,2.815280838806424,-3.0967598169261423,Z,S,Neutral
1.7140894768628097,1.4878705127493035,0.3283601234642576,2.103917755542007,-0.9940435314961452,-0.7478081980675457,3.369658753486265,0.3304738859235908,2.6289340661309923,X,S,Neutral
0.17208827316508787,0.1933118461493309,0.46704674831268217,-0.2118017240555999,0.6900432299044973,-0.26534649690602663,5.079295571925928,0.9191281775743556,-0.7931340046318454,Z,Q,Neutral
-0.5236368352118006,-0.35452330867303006,-1.7774726433263126,-0.6472756960721802,-0.09040200712481689,0.27625975292472515,4.178459143790619,0.25709209693142493,-1.4722637419844342,Z,S,Negative
0.14304503429138715,0.10599609518282625,1.2925533852546458,0.6414081745955744,-0.5395622266581516,-0.37747513117718967,3.554986416866666,1.1316610520934287,3.5908888351601274,Y,Q,Neutral
0.8925230029103949,0.7692290267678836,0.9803885838750572,0.18526124906299585,0.6000413818076495,-0.552213545594378,6.518162072390864,1.0908247301606822,-2.8675956762052413,Z,P,Positive
0.12782583903639294,0.14442565393648935,0.5290693121798817,-0.25066348539417993,0.2725223209742632,-0.8879536274293224,6.7379107732851935,0.060221956682100265,-4.6659443465714645,Y,S,Neutral
0.007916469724520911,0.04676379195407121,-0.8171269509033893,-0.12746343566229795,0.7470364761658578,0.18718097833511407,4.432142672364504,2.9783675578173376,0.1826053170436417,X,P,Neutral
-1.2764431746173315,-1.0699834200779255,-0.13030450702852203,1.8711870029607742,-0.7823220868021915,1.0353066501792387,8.865234022939333,0.3431971067475746,1.1087726223306928,Y,P,Negative
1.5363582162536,1.1789481848274939,-0.18098265223436305,0.8042129087745015,0.43755487329066994,-1.6801580395531253,0.8199004418471816,1.2830160900585885,1.7782253734049434,Z,Q,Neutral
1.0823486151151507,1.1324238073676236,0.11053780558356269,-1.2469445036944193,0.3529785734362826,-0.5278604850171624,6.964455775909563,1.134618304296284,2.608032320031218,X,R,Positive
-0.8580188952253737,-0.6340168128824869,0.7240761293269573,-1.2268061348267616,-0.22773978538456124,-0.2679123581172327,6.049116260974365,0.7828837369635434,-2.7271848880966743,Z,R,Negative
-1.2840910811742872,-1.1374983209711556,-0.23204391200176283,1.1834537975197046,-2.057814000106934,0.35054198421992155,6.643228594032336,1.376012964842766,3.8825708579529934,Y,S,Negative
0.4718464081606918,0.4601014322869696,1.4689044744626336,-0.48887192135923746,1.006271420801127,0.12340959490546122,5.352418954791432,1.0356932395573846,4.270465000713443,Y,R,Neutral
-0.5069827392977279,-0.5060547794560049,1.0894890260459267,-1.5653736060265886,0.8059136694740275,-0.34887433469658885,6.46829390164625,2.3668861028717516,-3.382481055126508,Y,P,Negative
0.5539202465339734,0.40208386254006373,-0.932876453496462,-1.8536970944841766,-0.2660761683586518,-0.6495601038600893,2.4030418551493637,0.886108842698182,-1.3513005307292634,Y,P,Neutral
0.39453831537292944,0.4017523811277813,0.2614100226478521,1.4996790292129827,1.403242544925427,-0.33371666582933773,6.43987944416988,1.6453226344684293,4.442810589887987,X,Q,Neutral
0.867740716677599,0.9176851606078715,0.7756798468088388,0.033898720263900034,0.49267420310444987,-1.3169037932570395,5.860740631569869,0.6390395385670672,4.541066023620935,X,Q,Positive
-1.2745839624816448,-0.9519606774650485,-1.6529512920826954,-0.19517460173345602,-0.3038404331961282,1.0001379754328954,8.068417987999224,2.387190279490569,3.089269989980549,Z,S,Negative
0.4386426579523888,0.1818711869991511,0.7965613694771849,0.7502011405445893,-0.5446478685415688,0.3038153043432201,5.235678573503299,1.1565443246078386,-0.16525371530775512,Y,Q,Neutral
-1.1557496375649354,-1.229966788875665,-0.8001553212488269,-1.4960814636808235,0.17796557467166602,1.0431054118520737,9.437448040406387,1.8069058317528175,0.5063954602071092,Y,Q,Negative
-0.5396986386165332,-0.4184827784340663,-0.7041475308516643,0.522299839036974,-0.5535417416683655,0.08330940011090793,5.61000893581522,1.888849097440549,3.793868853452219,X,S,Negative
-0.34859989452085793,-0.4095860989675705,-0.10236672877074161,0.08971568696216667,-1.5816737178922604,0.3406896626101034,5.82729610217729,0.36465929704007094,4.108624435241353,Z,S,Neutral
0.45856522666379707,0.2507239548056461,-0.35392924083495286,0.9835683784853364,-0.9384136929175757,-0.8226874197164946,9.876180444567389,0.578710656380402,1.997424813340305,X,S,Neutral
1.3683053403761887,1.2231363708245993,1.2416497115980758,-0.21258351143159687,-0.8197485773257182,-1.257013903445842,5.403977347642551,0.30403588614526045,1.537043335079014,Z,P,Positive
-0.10296234733918859,-0.020793810580817557,0.3302142092416723,1.4525777282931853,-0.26253406194428874,0.02046427368877031,7.070546577406025,1.0388761965055031,-1.0997954544536945,Y,P,Neutral
1.2670629407496823,1.1744070473224972,0.5168667025900389,-0.7105692414435643,0.3087093751198912,-0.18940812230051307,6.2157492410116575,0.3648360619664977,4.305971188009137,Y,R,Positive
0.11224854459794864,0.0022327201056447366,0.35285273744874596,1.5701599149601082,-0.6532244370475614,0.4500719744218755,1.7266022692924827,0.7098800827907766,4.582723851185968,X,R,Neutral
-2.072651436732714,-1.8548608848153425,-0.30477385230490717,0.7328074845369186,1.6342162805269684,1.2695116607150423,4.50121632886456,3.5196211232755057,-2.9514629210505783,Y,Q,Negative
1.6135529456896538,1.4650267127033334,0.42465783426915144,-0.32705542037127694,-0.38129994599912487,-0.6220552160629443,4.631356554205965,0.6803581153538367,4.399193954372054,Y,Q,Positive
0.87171157219154,0.9822506446158356,0.7200928769488744,1.9365483207874832,1.1512125433958897,-0.646025074879908,2.3665261998336797,0.8193107119707013,1.605735001317865,Y,R,Positive
0.33886524056597206,0.3138458953598405,-0.541403258952606,-0.032215017570356705,0.3300411953325865,-0.1682726259783337,4.588039659847626,0.6434513698900223,4.134830248072197,Z,R,Neutral
-1.3601718370855456,-1.2845098807145299,-1.1096775896849889,-1.8031436619445147,0.8221909267199132,0.8076521274048848,5.474245146823029,0.9735055660598106,-3.7652897078130176,Z,Q,Negative
0.3076896875324971,0.24214585961060575,-0.6409589626845078,-0.3222741861339548,0.08837173709637924,-0.07462622535590491,2.4216949386731272,0.14153701351175518,3.958184349323389,Y,S,Neutral
-0.5989091909596508,-0.5784632793788697,0.936731333513487,0.3233893794929952,-1.2787071234073093,1.105014105001868,1.605041013685359,0.14075602870465112,-1.9756785726223427,Z,P,Negative
1.7254022066536188,1.6848231250424421,-0.025758346364466944,0.6400828160938492,-0.21514240192592485,-1.590382721901973,5.138716293939112,0.2845996858513919,-4.052022477372244,Y,R,Positive
-1.1993386094698075,-1.1939320648897482,-1.822337662287427,0.010248743948275046,1.7284825392560677,1.1331880171851956,4.643650449573092,0.00931711453385824,3.754069620896191,X,P,Negative
2.2609797083223864,1.9599345852081749,1.0124162841834763,-2.0402465280985953,-1.1885467428385832,-1.8713566900044794,4.896667769325473,0.639209390247117,-2.2710529695511408,Z,P,Positive
-0.022776684616630894,-0.04922329938063605,0.1449544765558841,0.4585038278413041,0.7143389205344658,-0.2907838641861411,3.0532549497726027,0.3298043907073417,-3.009640423838861,Z,S,Neutral
-0.6441077964491485,-0.6508442362804212,-0.49832235551690385,1.2920474190374998,1.0317263582536162,0.7127712265734834,5.884815664826766,1.192154124537193,1.4854815119401863,Y,P,Negative
-1.428308776040027,-1.4959314585320354,0.3977242393448336,-0.5775892700841239,-0.3098741242683876,1.9169559065453345,4.298563575757149,1.3242083693700566,0.7337644087914619,X,S,Negative
0.7757191550505429,0.8633405232970665,0.269558846353257,2.0886877510511592,-1.0954910853129665,-0.20316742775923624,0.809451801402667,0.20170622690161902,1.4865629685215502,Y,P,Positive
0.22216798493824674,0.11282950676430722,-0.5977609799452863,-0.970526510295051,2.040134487433688,-0.03707378371648187,8.930013620344354,4.459255896863522,-2.1135482351323978,X,P,Neutral
0.4331737322487468,0.3451346242765525,1.3082220508343894,-0.5341606957651525,-0.09603091352155586,-0.5011730076876326,-0.6545569316176509,0.054528035893545435,-0.6310073008279149,Z,R,Neutral
0.537837820567581,0.32819251957378975,-0.6895498035173884,0.6666135084488656,-1.2724868438603152,-0.8689035925297267,6.981046941345022,0.8489610091418033,4.728454135706837,X,S,Positive
0.7487002596122608,0.6535027435852113,0.37875707717087986,1.4671884064793395,-0.6652944906973146,0.16306747531409782,6.6063192893427,0.5945639571898826,4.776693651584679,X,Q,Positive
-0.6259391136104392,-0.642477858675284,-0.6788699848552038,0.9500103170563986,1.194420979121436,0.7141046534435037,6.527360415531196,6.068159387218849,-0.49370860781423076,Z,P,Negative
0.2734627418896052,0.12529340912276216,1.233892600928194,0.629458645044141,-0.8429557193170772,-0.5347456184045114,4.076017616174846,1.069248890058085,-1.3634044300659367,Z,R,Neutral
0.0808999655601947,0.06393824953893368,-0.08459036164327158,-2.220435705360879,1.7748817946393056,-0.34132627392053,5.281046577878928,0.4702698370762694,2.70588283360596,Z,P,Neutral
-1.1305027807655053,-1.196620841014439,0.7351233909963754,-1.2294149866858801,-0.3997934215438471,0.36422012260838643,2.0151091758699593,1.6855325186993824,-2.2303464063240632,X,R,Negative
-0.19331110747845295,-0.17824646655611281,-0.33311695132226804,-1.5302582588776634,0.6118893026437827,-0.43059282210264993,5.6836141234046975,1.1661091890045592,4.226492586038821,Y,Q,Neutral
0.8087557079522562,0.676625670557315,-0.5774391014711389,-0.4055037024827117,0.6374086037234802,-0.48697053138312624,7.426595394852279,0.7557790028214745,-0.6598359655105499,Y,P,Positive
-1.946237468075532,-1.6424015135334904,-0.37394893147481023,-0.1736378539995714,-0.526281353858475,0.8446986858138935,4.4557139863051605,0.11321571442983648,-3.084876617100111,Y,Q,Negative
-0.2944097633819578,-0.2736443291148786,-1.4055708139221479,-1.1534679267272194,1.1264707085133123,0.0032997300381780448,6.371843563578289,0.43104492775397585,0.6364493355885266,X,R,Neutral
-0.28939832255251813,-0.36038433951103677,-0.3121077548595253,-0.03746238425764304,1.958746362103085,-0.20347309526113655,3.8989308962988503,0.66461581622661,3.851619337067655,Z,R,Neutral
1.6972170203172687,1.6042071700646006,0.814985916567973,-0.5630997530968209,-0.5877634740787602,-0.5919697235416906,6.893677420774154,2.7034382980526597,-1.4695582869340296,Z,P,Neutral
-0.7779072263254692,-0.7334524999999154,1.097558185827431,-0.4505637571483535,1.308158724189943,1.2650825124665097,6.343702350600342,1.3666451788939213,-2.755175726307564,Z,S,Negative
-0.9809469294556825,-0.9034475401302475,-1.680134193279759,0.1321630570050499,0.5359995554336285,0.5370118826959083,6.383455104996754,1.1044156302512034,-1.1552098885546727,Z,P,Negative
-0.2622617916835005,-0.2257419170574241,-0.01784367550193114,-0.12445290416694232,-0.6736347584172176,-0.14891603477423493,7.623115907719853,0.6773021411685871,-3.1967692441163,X,Q,Neutral
-0.2961605630676545,-0.36207369284463575,-0.02970494794828439,-0.6298836116503623,1.4008962053933165,-0.32116514237899274,3.2786891855273015,0.5945074569229772,-3.6712264366754876,X,S,Neutral
0.3908552393273986,0.4003013881479198,-0.15885300222068557,-1.0693096465342378,-0.8276162722375952,0.09951637226452142,6.880630671491999,0.07637726044705513,-4.467118701450492,X,R,Neutral
-0.53019250647795,-0.43251802422627733,0.5755445684378481,-0.1056293656486341,0.3738233325654939,-0.26059121356178616,3.6409429171730747,2.9559106713738132,4.0428090925525275,Z,P,Negative
0.679971349497021,0.5088724890244464,1.6313477214897687,0.39479334748747774,0.8404909163281311,-1.0686126330510912,2.540824447062786,2.4361282564790434,-3.1669692744599995,Z,S,Neutral
-1.4907063148886581,-1.3513191778200582,-1.0009060426774514,-1.331536679949425,0.6416598371128488,1.2535555131901779,4.301417709116374,0.5761137666306587,4.0189058921881475,Y,S,Negative
-1.1246979876353216,-1.030168653289723,-0.7481951227389506,0.46209030340730356,-0.4621842691662306,-0.5203081722365953,2.194439636481372,2.116992955727627,3.222594776768565,X,R,Negative
-1.1290894468624497,-1.0090892783025291,-0.17379134586535028,0.8571002762118921,0.17259520820397553,1.2033029629987089,4.7702754797247895,0.16226664228626234,-3.8741425510772007,X,R,Negative
0.9290615807326417,0.8068050721341669,-0.054369410187174005,0.6744975843857062,-0.1625411026469466,-0.2901671199952492,4.31948894629787,0.3602751605838484,-3.9535187640140435,Y,S,Neutral
-1.0972928221567098,-0.9067771633424905,-0.08670150289989942,0.9381129139698267,-0.20972868597595065,0.25218977264894393,3.336811267042355,0.9246125995214436,2.980191165743056,Y,P,Negative
1.658711797852632,1.7336156123920814,0.3992912930439689,-0.1317772054242391,2.2917508344071145,-0.5175393617380064,2.9883149073189443,0.7112670175637602,-2.0572098103338377,X,R,Positive
-1.5268950948679858,-1.3177143240786398,-2.211673050143679,1.1905000768226703,-0.9891631653770026,1.3092434099749743,6.98445208119841,0.8497350388145715,3.846359783435414,Y,S,Negative
1.9167572248682558,1.8818828837334591,2.027205970720161,1.0760826981931428,-0.8333818076273752,-1.4771343438272553,5.4881177499342355,0.1360202621549759,2.2825000447978248,X,R,Positive
-0.44638806311317786,-0.50027070518681,0.29838876013022864,-1.039179017779822,0.6396477147020634,-0.35183101805686556,5.934339114411704,0.6695154197100567,-2.8662783679966166,Z,Q,Neutral
1.9180213714107233,1.873641848913269,0.41602175010779996,0.6075087972321775,-1.0211506995788728,-1.2289586096970972,4.611361439361412,0.8623632078047249,-4.977142382849436,Y,S,Positive
-1.4179677844367025,-1.460868243013541,-1.0917256190360245,1.334013659844071,-0.29483874586209485,0.8920017528925037,5.471099068229217,0.5273761356503267,-1.5593502489400834,X,Q,Negative
0.8039617576643396,0.7301999895836707,-0.2793023010813551,0.35659308938763257,-2.668522204468,-1.5218846106675756,6.418755043802058,0.029660170487009738,-2.4221936670335498,X,S,Positive
-1.880655218162902,-1.612348565981058,-1.9826320763493597,-0.5917172163153432,-0.6716163889229306,1.0552467766665181,1.6649551934837654,0.920971708495048,-3.2213941024773285,Y,S,Negative
1.773252982123819,1.74145464292183,1.5904758911560912,0.34344182321942834,-0.9497159109556625,-1.1050998202824167,2.539441920090047,1.0743157993572914,-0.4458856515477736,Z,S,Positive
-0.558553978239793,-0.3506346568959209,0.0010305198509709124,-0.040633509768661716,1.029431166787756,0.8793563693602116,8.814407569540535,0.16027798522139103,3.9416213903512,X,Q,Negative
0.8476702054056344,0.7930066671555587,1.0215018931870605,0.31346416965919477,-0.3696563620063101,-1.0195113705011614,3.8661904509566636,1.8228890157181843,-1.0950100756309733,Z,Q,Positive
-0.25729535215554794,-0.2360228743926434,0.33001147760432703,0.22227850285812017,0.7284063094166418,0.1307099862194705,7.8632153844069705,3.618921579425104,-1.7416301955744427,Z,P,Neutral
0.5200520953239399,0.4192269282440156,0.17792683138569165,0.8613121895604646,-0.5410559755058413,-1.1164540116503345,5.432433448120319,1.1905649717638964,3.694308284101682,Y,S,Positive
-1.6601134635357093,-1.3984686537259439,-0.05187384551198815,-0.9288127173847621,0.11837924426012662,1.2539372823713772,6.812527337273921,0.9901749199846538,-4.740321974314239,Y,R,Negative
-1.0353889405872518,-0.8454571548417172,0.26078552850631453,-1.0396250393252533,-0.2916984036781295,1.1913644899606544,5.01000342506543,0.023797417194323857,-0.008503495391906313,Y,Q,Negative
-1.163592956085454,-0.8209290729514572,-0.863348947832153,-0.03654652387471041,0.18002011531174053,0.8356909831838703,2.016617909631745,0.23789495987202708,2.040683478435568,Z,P,Negative
0.36372673124974314,0.5089273935195971,-0.2771599846113397,0.081020314406132,0.5021605139257189,-0.15653452628347186,8.332642534130624,4.04339415775091,-0.13233563466847453,Y,R,Neutral
0.38224845685189024,0.363574741414669,0.08810394790724305,0.3149494434912786,-2.624232148302263,-0.42886734886146444,6.192735324149081,1.47213431787665,-0.9434352612322225,Z,Q,Neutral
-2.016736629542605,-1.8946553719853503,-0.3591316217457907,-0.38871196956753623,1.6189370013836446,1.4449247881996572,5.521664432371931,2.0879266457911445,0.4853030557494744,X,R,Negative
2.509264250119351,2.1381893619807615,0.45151236282464613,0.8354676590299808,1.5122683050817698,-2.3398658615045806,7.470102837536359,0.9026919877780936,-4.258270244815194,Z,Q,Positive
1.381504397225038,1.257515845864527,0.6788924080498961,1.105845736233084,-0.2687562145971478,-0.9811763631182685,3.983007339569371,0.06281809560914421,-1.105110013796169,Z,S,Positive
-1.3159000664878373,-1.187801443839845,-0.5157376433312361,-2.4633876645521555,1.0346476852146491,0.6312519002242247,4.313758703640432,2.763055678442793,4.2385765547812895,Z,P,Negative
-0.13962388548230198,-0.15632864316210482,0.7872852490734462,-1.392309225710165,0.9005027516233941,0.3025508885887497,1.4367748301564758,4.738320083915877,1.051199587822281,Z,P,Neutral
0.7012322113178812,0.5478412215774939,0.6167635812786367,1.0835373316210517,1.5873208779845691,-0.33590017626508467,4.266015690579864,0.357571203385605,0.459147036137467,X,S,Positive
-2.830335330640619,-2.6198388376322237,-0.3217744116748944,2.006381917417732,-0.2691441930215874,2.3500762608593977,2.816276570442616,0.4004936754229968,1.361027961526009,Z,S,Negative
0.7882845287491009,0.655335110681883,0.4938249882322526,-0.2671227097458809,-0.3672996296151296,-0.9618987651594222,2.8400642359480877,0.38215802463424997,2.4510524589773244,X,R,Neutral
-0.8557845962048822,-0.9477634847717193,-0.3336052469775136,0.8001561922289343,0.7211222033953087,1.393876690853923,2.291023972247499,0.9019051891132532,-3.929711133260463,Z,Q,Negative
0.42398122120347953,0.36691166934898045,0.4652600334921566,0.30852954712726677,-0.4561065902249258,-1.1871123017212986,6.225003366529887,0.053629589658183784,-4.556532692780855,Z,R,Neutral
-0.10028014833783114,-0.2121869886049767,-0.11581617793283436,-1.2314938815082033,0.7224008376649009,-0.16892599514069095,7.346915255777655,0.03650809916619285,4.323057988090937,X,R,Neutral
-0.09112393849437081,-0.08735840135112871,-0.8905664932741728,0.2855795267179004,-1.4918382178343688,-0.2169847523217191,3.4483963545071834,0.15256810404914245,-2.6232664868460995,X,S,Neutral
-1.8326202600847161,-1.5850724373849308,-2.1843065959413517,-0.7118567721169913,0.662828074323527,1.4476553005470332,-0.7128946285114584,0.8440912918402763,-4.912606677433088,X,R,Negative
-0.9289965729422993,-0.8320750223534842,0.659602061436117,-0.593319220981101,0.028487736081788024,0.6670196517988594,10.638016821941573,2.426548418971856,-3.231484366639472,Z,Q,Negative
-0.3154201276492923,-0.3215150611600464,0.47586502954447085,-0.17909786406848288,-1.3950692071635447,-0.38576204749679,4.143754409543122,1.6039840647205135,-1.0782643235210476,Y,S,Neutral
0.014086557339971825,-0.1567777254109731,-1.4855415555479026,0.057746046104614965,0.41218716481754125,0.00578292038088374,9.049905812785308,0.18396973046933957,-0.8720770198794092,Y,S,Neutral
0.21982286985845245,0.23854197758006251,-0.2943917460542594,-0.11459620617789404,0.2529849754011722,-0.012763602979868754,4.6582318045013,0.13699658659703487,-1.4649063614083646,Z,P,Neutral
-0.012301967274507341,0.13656580979332475,0.9692759627011249,1.1250578022725124,-1.7112230372333384,0.5214510572175217,5.398281091823886,1.4152379888107973,-4.131545242573271,Y,P,Neutral
-0.5954499321452065,-0.3825042406510847,1.715119364332462,-0.266060700725458,-0.404015126608131,0.33692378853838123,7.839235933049938,1.7838726557598121,-0.02351135353294076,Z,Q,Negative
-1.2741896636817744,-1.270343207516746,0.7605057277542583,0.8561022087643425,0.4419889148447386,1.1564659180282262,6.0809809782633515,1.4974071733949206,2.1761251015025307,Z,Q,Negative
0.8606568896549827,0.8054583318341991,1.3096766176622892,0.3145939276187115,-1.5759220146044741,-1.2196273195203138,6.695265513836171,1.5204641442649045,-4.441830873344071,X,P,Positive
-0.044434285872265104,-0.010578981257169495,-0.056830059779524295,0.8341685913228444,-0.18993269799805113,-0.17554840465728042,6.770709061540384,1.492155962796696,4.5306016977053805,X,Q,Neutral
0.10768896361983889,0.19781278675777694,-0.5247285951112892,1.4628585071365627,-0.9608873166555252,-0.067484228292103,3.2656739635077026,3.1488261919689653,-4.144637438377586,Z,Q,Neutral
0.6259497399476115,0.5433679746310113,1.4740506389995418,1.4219377196054732,0.4412202789906578,-0.8565093729883472,-0.6596880337052964,0.12396087172818673,1.1446761221412594,Z,Q,Positive
0.06620879399930535,0.07967977288778683,-0.5720342946887287,0.36414521411227774,-0.6686677308080249,-0.7760263596777451,5.930260188694373,0.0493705016070386,4.94656327792786,X,S,Neutral
0.613255720930367,0.39312139669277735,0.18099603172959883,-0.6391759176666396,-1.069335701987182,-0.8156103231512108,3.191511798247828,0.2674342845885698,3.355328284817382,Y,R,Neutral
-0.3012806202830594,-0.23851772324290899,0.7619300822147052,0.4993370104120998,1.3839914464097192,0.9873915368943025,6.265466386205011,0.09923877734964273,-3.767950873878909,Z,S,Neutral
2.189925929056414,1.9044227119567105,-0.6128139531933121,2.2636131588117467,-1.2636830445655034,-1.5341393776365306,5.745603865301084,0.0544519089075888,2.9255404030573153,Z,S,Positive
-0.3906006040236629,-0.4192679958714801,0.3732306516028614,1.2857093685946346,0.3283613260925892,1.4033915490013105,3.9771164102104466,3.417167324292122,2.3884311169987935,Y,Q,Neutral
0.2899738956203037,0.29771295717653884,-0.6937355956490908,0.7308343730209869,0.3047641949919301,-0.017481952743449436,8.440633186057685,0.6956099804579163,-1.4169291144943386,Y,S,Neutral
0.7532741378442617,0.5782507328270802,0.5921299537427889,0.40016360287689956,-0.4878082621698898,-0.4573297456520692,8.883055717684172,1.1178450465341518,-4.549924250116502,Z,S,Neutral
1.1526771536071378,1.1289407580367194,-0.05529516774820176,0.3137780370219366,0.7204374251671793,-0.6723251096278048,5.363535778116357,1.2708945802371625,-2.564497531725504,Y,P,Positive
0.5337776077263221,0.5378141216080518,-0.029531079433376073,-1.7308727046084416,0.14113699082526007,-0.48185856922516024,1.6691466287791057,0.04438611734573248,2.6578657783162365,Z,Q,Positive
1.7642251575511576,1.5286712773325288,0.7610623558214783,-0.8166892303872424,-0.671532997173904,-1.4575290192246186,7.358296919593625,2.4177486985812666,1.56299711117558,X,P,Positive
-0.8313791192152424,-0.595082077454366,-0.9103832717817013,0.9111037088071464,-0.2750409177089719,1.3586620545064214,2.6414529479377076,1.6195847157388068,2.2477024337060927,Y,P,Negative
-0.09394408415449848,-0.07228823097472431,-0.9687412721895067,-1.1116247841226026,0.5953132963787443,0.8450981072207369,3.9860576716018685,0.1718611923406942,-4.0745034490447,X,P,Neutral
-0.1076956438921912,-0.006134535557202253,-0.5999960147732915,1.9310931405053133,-0.32558784988514994,0.3609986851419679,1.7347382650375334,1.8292273319900638,0.3724567717310281,Y,Q,Neutral
-0.9428037859685406,-0.8013932145418505,-0.5765274820468578,0.012292007813875572,1.8097697876514827,0.8325775701457786,3.3689960078424344,3.0527699870240492,0.25505574766145855,X,Q,Negative
-0.2662424577049819,-0.3679967064396731,-0.8401750820384206,1.1392913081820133,0.7938149081987363,0.24782768118563503,6.566920555003545,0.019964347015751213,4.3622284842257315,Z,R,Neutral
0.19814588285530885,0.21895616487061925,0.7164093602402469,-2.250528784147895,1.868551211689804,0.578837073264052,6.713596230377291,1.9044791572185866,1.1852511765657585,Y,R,Neutral
0.008707156114904462,0.08652372275857562,0.3177613748705901,0.4205430347872323,0.14835885318491254,-0.2476781727165156,8.210187628521657,2.4514152519245154,2.239203291678221,X,Q,Neutral
0.3739902898055047,0.38300144973093875,-1.1908211968957823,0.7988608313102031,0.27187832622782027,0.07110781402832167,5.140766647834853,0.41678344179297055,-2.248066450370988,Z,Q,Neutral
0.507795821350203,0.44370872366049424,0.7461490076781888,-0.29927646128166496,-0.07412841518273539,0.09529173136255875,2.142103028739916,1.4401486014003135,2.2750208067919386,Y,S,Positive
0.060134757591087905,0.13311940463075467,-0.3844325991310215,0.49014611000261055,1.682393529387208,-0.26471349098827024,6.777978348980292,0.5822667864286537,3.78207795158543,Y,Q,Neutral
0.38079752034967135,0.15628412328082164,0.7576001228141861,-1.623426000622612,-0.8674591888361347,-0.1176897976930654,7.239802167743589,1.4634809937996534,-1.8761249477741426,X,Q,Neutral
2.294519764696665,2.302005495623454,1.9442236240492554,1.4627995858153,-0.3638486737557705,-2.260326448079042,7.55773234555409,1.7282673022097803,-4.723784435952389,X,R,Positive
