customer_id,age,monthly_charges,total_charges,contract_length,internet_service,payment_method,senior_citizen,partner,dependents,churn
1,56,119.00538501042632,2631.432128805276,2 year,DSL,Electronic check,1,Yes,No,Yes
2,69,34.0084015236524,2138.215290552833,Month-to-month,No,Electronic check,0,No,Yes,No
3,46,71.83296523637367,6002.78108206688,Month-to-month,No,Mailed check,1,No,No,Yes
4,32,107.73730719279554,461.55299093907917,Month-to-month,Fiber,Mailed check,0,No,Yes,No
5,60,94.07686177542044,4645.139541996269,1 year,No,Electronic check,1,Yes,Yes,No
6,25,89.7015740995268,6147.177748777386,1 year,Fiber,Credit card,0,Yes,Yes,Yes
7,78,90.24840839871092,7038.771966741646,1 year,Fiber,Electronic check,1,Yes,No,No
8,38,55.94911512197552,2868.237639984078,1 year,Fiber,Bank transfer,0,Yes,No,No
9,56,49.35918442644933,6605.8069764417005,2 year,No,Electronic check,0,No,No,No
10,75,100.93611554785136,1062.9275482506164,2 year,DSL,Bank transfer,0,Yes,Yes,No
11,36,,6802.327875529242,1 year,Fiber,Mailed check,0,No,Yes,Yes
12,40,,1194.411566189463,2 year,DSL,Credit card,0,No,No,Yes
13,28,,3298.8408663708647,Month-to-month,DSL,Mailed check,0,No,No,No
14,28,,6418.903853080518,Month-to-month,No,Bank transfer,0,No,No,No
15,41,,1369.3559333204355,Month-to-month,DSL,Bank transfer,0,Yes,Yes,Yes
16,70,99.82951789667752,1988.1608828146036,1 year,DSL,Bank transfer,1,Yes,Yes,No
17,53,84.99639307777652,5833.570033465917,Month-to-month,No,Credit card,0,Yes,Yes,No
18,57,90.19668772577033,5816.28498505938,2 year,Fiber,Electronic check,0,No,Yes,No
19,41,99.57926694361011,5200.951536505319,1 year,DSL,Mailed check,0,No,Yes,No
20,20,109.00053418175663,5612.79786684338,2 year,No,Mailed check,0,No,No,No
21,39,53.79951568515358,4433.25065811125,Month-to-month,DSL,Electronic check,1,No,Yes,No
22,70,57.5582952639944,2164.0326594742314,Month-to-month,DSL,Mailed check,0,No,Yes,No
23,19,29.3981939840869,2896.4287493305715,Month-to-month,Fiber,Credit card,0,Yes,Yes,No
24,41,77.8280140996174,1616.4621910511203,1 year,DSL,Mailed check,1,No,Yes,Yes
25,61,23.59422737967421,7285.914378402301,2 year,No,Bank transfer,1,Yes,Yes,Yes
26,47,66.55980181324603,4750.45599917574,1 year,DSL,Electronic check,0,No,No,No
27,55,74.26446347075766,3326.641050756391,1 year,Fiber,Credit card,1,No,Yes,No
28,19,48.65412521282844,3803.645268424235,Month-to-month,Fiber,Electronic check,1,Yes,Yes,No
29,77,79.08332605690107,7588.810048972159,1 year,No,Credit card,0,Yes,Yes,No
30,38,23.05002499390494,1396.1409443054256,1 year,Fiber,Bank transfer,0,No,No,No
31,50,23.73481887492144,4772.592689731018,Month-to-month,DSL,Electronic check,0,No,No,No
32,29,102.26005606596583,4145.931695298835,1 year,Fiber,Mailed check,0,No,No,No
33,75,56.019064141126286,4969.3430363902535,Month-to-month,No,Credit card,0,No,Yes,No
34,39,32.70605126518848,341.259433802556,Month-to-month,Fiber,Electronic check,0,Yes,No,No
35,78,72.22432600548044,7002.566489764382,Month-to-month,Fiber,Mailed check,0,No,Yes,No
36,61,96.99935530986109,7470.5226033721765,Month-to-month,Fiber,Electronic check,0,Yes,Yes,Yes
37,42,41.58210274968432,4608.03883199583,1 year,No,Electronic check,0,No,No,No
38,66,82.28904758190004,5633.87642623976,Month-to-month,Fiber,Electronic check,0,Yes,Yes,No
39,44,28.5347464993768,7395.495173182906,Month-to-month,Fiber,Credit card,0,Yes,Yes,No
40,76,25.16817211686077,5716.461347644509,1 year,DSL,Mailed check,0,No,Yes,No
41,59,73.13546315681481,1389.8045347312386,1 year,No,Bank transfer,0,Yes,No,No
42,45,74.06351216101065,4695.049209301143,2 year,Fiber,Credit card,1,No,Yes,Yes
43,77,83.74299014982066,4932.377361786276,1 year,No,Credit card,0,Yes,Yes,No
44,33,92.60913337226616,3508.219236158611,1 year,Fiber,Credit card,0,No,No,No
45,32,117.58520794625346,5944.265037872838,2 year,Fiber,Bank transfer,0,Yes,Yes,Yes
46,79,71.63003483011954,7488.062715198316,1 year,Fiber,Mailed check,0,No,Yes,Yes
47,79,52.2956472941246,7419.434400672855,1 year,DSL,Mailed check,0,No,No,No
48,64,99.51861947687037,3716.5470969522303,1 year,DSL,Mailed check,1,Yes,Yes,Yes
49,79,47.083225126207424,1083.256757557891,1 year,DSL,Electronic check,1,Yes,Yes,Yes
50,68,63.89714207056361,7881.76135190621,2 year,No,Electronic check,0,Yes,Yes,Yes
51,61,27.845638134226597,6743.405074278286,None,No,Electronic check,0,Yes,Yes,No
52,72,22.53507434154575,1172.3689133854814,None,DSL,Bank transfer,1,No,Yes,No
53,69,116.26484146779251,7382.566684415504,2 year,No,Electronic check,0,Yes,No,No
54,74,103.59801205122058,6985.1916240846,Month-to-month,Fiber,Bank transfer,0,No,No,No
55,20,89.59742060936979,4246.936845583363,2 year,Fiber,Mailed check,1,Yes,No,No
56,54,60.89529444142699,4811.948398810448,Month-to-month,Fiber,Electronic check,0,No,No,No
57,68,37.32943200708458,3312.221090187016,2 year,DSL,Electronic check,0,No,Yes,No
58,24,35.6437042671086,627.1407828118445,2 year,No,Credit card,0,No,Yes,No
59,38,45.02428981645953,2814.538484838027,1 year,DSL,Bank transfer,0,No,Yes,No
60,26,74.92266647061206,6462.2568990644895,Month-to-month,No,Mailed check,0,Yes,Yes,No
61,56,91.45959227000624,236.1297794359023,1 year,Fiber,Credit card,0,Yes,Yes,Yes
62,35,86.01973767177313,2801.2935391909245,Month-to-month,DSL,Credit card,0,No,No,No
63,21,47.993389694594285,3305.715810009358,2 year,No,Mailed check,0,Yes,No,No
64,42,115.48652806631941,4391.685702915798,2 year,No,Credit card,0,Yes,Yes,No
65,77,93.78969166957685,7374.873808019532,Month-to-month,Fiber,Bank transfer,0,No,Yes,Yes
66,31,75.43540525114007,2901.498756054498,1 year,DSL,Bank transfer,0,Yes,Yes,No
67,67,81.17207462343522,2906.234974790576,1 year,DSL,Electronic check,0,Yes,No,No
68,75,61.96000624277899,5952.509735256037,1 year,DSL,Credit card,1,Yes,Yes,No
69,26,44.773098950115745,3727.299938940496,1 year,Fiber,Electronic check,0,No,Yes,No
70,43,55.597267865126156,1951.9176189318594,2 year,DSL,Credit card,1,Yes,Yes,No
71,70,95.78461104643691,3729.0282258350085,2 year,Fiber,Bank transfer,0,No,No,No
72,19,21.439348862975585,1298.684758962439,2 year,Fiber,Bank transfer,0,Yes,Yes,No
73,37,31.607264050691626,1575.8184947485418,2 year,Fiber,Bank transfer,0,Yes,No,Yes
74,45,24.600264202175275,4087.268627367942,2 year,No,Credit card,1,Yes,No,No
75,64,24.072880231897013,3467.6185061354736,1 year,DSL,Bank transfer,0,No,No,No
76,77,105.54605840110072,7335.79802833118,1 year,DSL,Credit card,0,No,No,No
77,24,90.36578593800236,3026.672413109738,1 year,Fiber,Electronic check,0,Yes,No,No
78,61,67.41738290873252,4728.589132168739,1 year,Fiber,Credit card,0,No,No,No
79,78,29.78341606510015,5131.661445772337,2 year,DSL,Electronic check,0,Yes,Yes,No
80,25,69.16158751168324,302.13676138900234,2 year,Fiber,Credit card,1,No,Yes,No
81,64,67.34717707805657,5375.591501730342,2 year,DSL,Electronic check,0,No,Yes,No
82,52,37.32018699100152,1588.680541584061,Month-to-month,No,Bank transfer,0,Yes,No,No
83,31,63.385164923797305,7696.34847626175,1 year,Fiber,Electronic check,0,Yes,Yes,No
84,34,59.85047343973734,1359.569276474281,1 year,DSL,Bank transfer,0,Yes,No,Yes
85,53,81.58500980522165,3434.068165070785,2 year,Fiber,Bank transfer,0,Yes,No,No
86,67,83.50936508676438,865.727411013422,1 year,DSL,Electronic check,0,No,No,No
87,57,24.53040097720445,7975.619164398389,1 year,DSL,Credit card,0,No,Yes,No
88,21,57.46126146264712,4117.121080583693,2 year,Fiber,Credit card,1,No,No,No
89,19,82.58599157142365,4844.003135096342,Month-to-month,No,Mailed check,0,Yes,No,No
90,79,70.31362585800878,723.1965236297343,Month-to-month,DSL,Credit card,0,Yes,Yes,No
91,23,105.64898411883223,6049.691669113587,Month-to-month,DSL,Mailed check,0,No,Yes,No
92,71,85.8693631618945,1837.2636261455689,2 year,DSL,Credit card,1,Yes,No,Yes
93,59,36.29344270814297,7204.823457637567,1 year,No,Credit card,0,No,No,Yes
94,21,27.056874740042986,1800.089195759656,2 year,No,Bank transfer,0,No,Yes,Yes
95,71,84.24192782063156,1687.3642211765994,2 year,Fiber,Mailed check,1,No,Yes,No
96,46,22.65113105416218,485.08740921514004,1 year,No,Credit card,0,No,Yes,No
97,35,78.57755812734632,3882.122171857994,Month-to-month,Fiber,Mailed check,0,No,No,No
98,43,114.02302414249576,4605.760839448408,Month-to-month,Fiber,Bank transfer,0,Yes,Yes,No
99,61,77.5474177875879,712.5273875411484,2 year,No,Bank transfer,1,Yes,Yes,No
100,51,58.816992620652194,6249.115410221082,Month-to-month,Fiber,Mailed check,0,Yes,Yes,Yes
101,27,84.32882184423532,3735.6529110346155,2 year,No,Bank transfer,0,No,No,No
102,79,65.82528904915166,4290.244100755124,2 year,Fiber,Electronic check,0,No,Yes,No
103,53,74.56167893159349,3637.9494261181794,1 year,No,Electronic check,0,No,Yes,Yes
104,31,114.14648087765252,3325.9518748275427,1 year,No,Bank transfer,0,No,Yes,Yes
105,48,58.610263780077425,4565.1945842041,1 year,Fiber,Electronic check,0,Yes,Yes,Yes
106,65,116.11905638239142,1410.8739182595575,2 year,DSL,Credit card,0,Yes,Yes,Yes
107,32,110.53506419560637,1619.0394178631147,1 year,Fiber,Mailed check,0,No,No,No
108,25,39.57911347892964,6921.927843905435,Month-to-month,No,Credit card,0,No,No,Yes
109,31,26.936130087516545,7579.700604642336,Month-to-month,DSL,Mailed check,0,No,No,No
110,40,30.077800137742663,3111.812666982073,2 year,Fiber,Bank transfer,1,Yes,Yes,No
111,77,21.82218256515497,2311.8084505197194,2 year,Fiber,Credit card,0,Yes,No,No
112,74,29.44429607559284,5223.196437264323,1 year,Fiber,Bank transfer,1,Yes,No,No
113,79,88.30067734163569,3388.126534565152,2 year,DSL,Bank transfer,1,No,No,No
114,57,27.1188648460229,398.0135741506899,2 year,No,Mailed check,0,No,Yes,No
115,38,51.89756302937613,1417.9902594562848,Month-to-month,Fiber,Mailed check,0,Yes,Yes,No
116,33,104.48753109694546,5784.583385009701,Month-to-month,Fiber,Mailed check,0,No,No,Yes
117,62,22.327193573582587,5339.6067468991805,1 year,Fiber,Credit card,0,Yes,No,No
118,35,101.44684825889358,411.3487415271712,2 year,Fiber,Electronic check,0,No,Yes,Yes
119,64,48.185477477339994,1931.3828630770056,2 year,Fiber,Mailed check,0,Yes,Yes,No
120,70,31.816482762165627,2002.3834133869568,Month-to-month,No,Mailed check,0,No,No,Yes
121,41,89.67371653641507,5440.763400070082,2 year,No,Credit card,1,Yes,Yes,No
122,43,82.8942846779884,353.7421944840404,Month-to-month,Fiber,Mailed check,0,Yes,No,No
123,42,107.74720135270529,1012.046939479676,1 year,DSL,Credit card,1,Yes,Yes,No
124,77,93.50710438038858,6439.3454659108775,Month-to-month,No,Bank transfer,0,Yes,No,No
125,77,100.34809303848486,1592.6483640238023,2 year,DSL,Mailed check,1,Yes,No,No
126,77,48.20345725713065,5291.419641244623,1 year,No,Mailed check,0,Yes,Yes,Yes
127,62,37.74395437797229,2057.825692164467,Month-to-month,Fiber,Bank transfer,0,No,No,No
128,58,95.06147516408583,975.6428635228923,Month-to-month,No,Bank transfer,0,No,No,No
129,46,100.6834739267264,2096.743089795742,1 year,Fiber,Bank transfer,0,No,No,No
130,32,119.05051420006733,5833.6820684741415,1 year,No,Mailed check,0,Yes,Yes,No
131,62,61.26176769114265,6874.432451229029,Month-to-month,Fiber,Electronic check,1,Yes,Yes,No
132,18,57.201808579278314,6675.7149436225345,2 year,Fiber,Electronic check,0,No,Yes,No
133,42,97.64129607419969,3298.0315310239475,Month-to-month,Fiber,Electronic check,0,Yes,No,No
134,24,54.08035402530179,5411.06406525104,1 year,Fiber,Mailed check,0,Yes,Yes,Yes
135,26,113.07573256035647,1798.8775042434036,Month-to-month,DSL,Bank transfer,1,Yes,No,Yes
136,41,105.84127518430118,2486.5522960359035,1 year,Fiber,Mailed check,0,Yes,No,Yes
137,18,62.89940273750184,7191.419384464734,1 year,DSL,Bank transfer,0,Yes,Yes,No
138,61,95.08710677914974,301.41500338374107,2 year,DSL,Mailed check,0,No,Yes,No
139,25,95.45428740846823,866.966540664851,1 year,Fiber,Mailed check,0,No,No,No
140,41,30.312386883593263,1821.512790139013,1 year,DSL,Bank transfer,0,No,No,No
141,28,110.25529066795667,406.95119021579376,2 year,No,Electronic check,1,No,Yes,No
142,68,70.52523724478571,1615.196393700419,1 year,Fiber,Bank transfer,0,No,Yes,No
143,34,102.64574661077417,4747.724175563599,2 year,DSL,Credit card,1,Yes,Yes,No
144,25,52.00496010306117,3487.111494621484,2 year,Fiber,Credit card,0,Yes,No,Yes
145,52,109.55232284962005,7162.839346400404,1 year,Fiber,Bank transfer,0,Yes,No,Yes
146,52,58.92016787341631,6576.059781559839,1 year,Fiber,Mailed check,1,Yes,No,No
147,50,21.083765148029837,2866.1753432434325,Month-to-month,DSL,Credit card,0,No,No,No
148,76,110.53819764192636,2223.5027807640813,2 year,No,Credit card,1,No,No,No
149,22,29.128667678613354,3161.600783704682,Month-to-month,No,Mailed check,0,No,Yes,No
150,59,51.93136375904149,4804.300551615501,1 year,DSL,Mailed check,0,Yes,Yes,No
151,56,115.0061967050805,2290.8963984184347,Month-to-month,Fiber,Electronic check,1,No,No,Yes
152,75,115.06071469375561,5068.361481223245,2 year,DSL,Mailed check,0,Yes,No,Yes
153,58,77.34378881232861,3393.4108870916752,Month-to-month,DSL,Bank transfer,0,No,Yes,No
154,45,83.18372121697993,4505.968010645446,2 year,DSL,Bank transfer,0,No,Yes,No
155,24,64.84455219783197,3601.7869272554703,1 year,Fiber,Electronic check,0,Yes,Yes,No
156,26,49.32107716980646,2496.832924426958,1 year,DSL,Credit card,1,Yes,Yes,No
157,25,52.8664545369916,7597.935794304822,2 year,Fiber,Credit card,0,No,No,No
158,29,87.25184560770384,6156.125194446135,1 year,DSL,Mailed check,0,No,Yes,No
159,51,95.237452943768,1292.88277097833,1 year,No,Bank transfer,0,Yes,No,No
160,50,99.15790437258485,6974.05021200372,1 year,DSL,Credit card,0,No,Yes,No
161,65,98.96181427945538,4001.9633463462064,1 year,DSL,Electronic check,0,No,Yes,No
162,72,29.120610304869036,7177.507369773913,2 year,No,Electronic check,0,Yes,Yes,No
163,40,69.44203047025815,6438.870996389059,Month-to-month,Fiber,Bank transfer,1,No,No,No
164,79,25.75587600166443,3516.6653348600207,Month-to-month,Fiber,Electronic check,0,Yes,No,Yes
165,41,74.95288823237355,375.2606048969157,1 year,DSL,Electronic check,0,No,Yes,No
166,54,64.1530501373377,2295.6834032025795,Month-to-month,No,Bank transfer,0,Yes,No,No
167,52,108.77041827582998,4424.7468743547615,Month-to-month,Fiber,Mailed check,0,No,No,No
168,61,55.09150125520787,5141.130114643949,1 year,DSL,Mailed check,0,Yes,Yes,No
169,57,31.706701642760585,2211.5239463789776,1 year,No,Electronic check,0,No,Yes,No
170,39,34.299168205283586,1286.9773777680282,Month-to-month,Fiber,Mailed check,0,Yes,No,No
171,44,96.15106317174723,6712.455847034533,2 year,Fiber,Mailed check,0,No,No,No
172,52,81.8218063316261,7878.337009487706,1 year,No,Electronic check,0,No,No,Yes
173,18,30.112267612279027,4300.38342196095,2 year,No,Mailed check,1,No,Yes,No
174,52,28.410680611499743,1539.0984296167674,Month-to-month,No,Electronic check,1,No,Yes,No
175,54,90.096913145912,2323.997146851078,1 year,No,Credit card,1,No,No,No
176,64,27.276300636419354,343.4472770702405,2 year,DSL,Bank transfer,0,No,Yes,No
177,31,102.18600592903562,7331.530691171893,1 year,No,Bank transfer,0,No,Yes,No
178,20,90.62422271564962,1118.4584465431008,Month-to-month,Fiber,Mailed check,0,No,No,No
179,18,28.134878064189976,4696.828509011178,2 year,Fiber,Mailed check,0,No,No,No
180,22,28.483771408519193,2337.6307213602067,Month-to-month,DSL,Mailed check,0,Yes,Yes,No
181,43,118.66395785011754,4522.588419623188,Month-to-month,Fiber,Bank transfer,1,Yes,Yes,Yes
182,72,57.427079575612034,5281.079029144541,1 year,Fiber,Credit card,1,No,No,No
183,31,57.06421470668909,6671.986068916172,2 year,No,Credit card,0,Yes,Yes,No
184,56,101.27995672575025,1810.085919732705,Month-to-month,Fiber,Bank transfer,0,No,Yes,No
185,44,114.72485773838586,285.7674635361477,Month-to-month,DSL,Credit card,1,No,No,Yes
186,26,118.6001063822871,1267.7079145366968,2 year,No,Bank transfer,0,Yes,No,No
187,32,95.33781852589416,7220.145406415219,Month-to-month,No,Credit card,0,No,Yes,No
188,32,57.62595855309158,7016.342604987619,Month-to-month,DSL,Electronic check,1,No,Yes,Yes
189,43,28.350071669866878,4859.822196928405,2 year,No,Electronic check,0,Yes,Yes,No
190,59,97.71469159274368,4884.031511382496,2 year,No,Bank transfer,0,Yes,No,No
191,77,75.8404249735805,5387.286061460793,2 year,DSL,Credit card,0,No,Yes,No
192,30,62.42220092469763,1567.8959732629069,2 year,No,Mailed check,1,Yes,Yes,No
193,68,110.6354385094736,7332.413178214686,1 year,DSL,Credit card,0,Yes,No,No
194,49,31.119748230615134,3466.4100941581705,2 year,DSL,Electronic check,0,No,No,No
195,56,69.26251042908592,3188.48052034608,1 year,Fiber,Electronic check,0,Yes,Yes,No
196,66,21.135364476741906,4247.558101206133,1 year,Fiber,Credit card,0,Yes,No,Yes
197,69,66.86606419941262,566.3345408454293,1 year,No,Credit card,0,No,No,Yes
198,78,25.630327568183734,1497.0102762974193,Month-to-month,No,Mailed check,0,Yes,Yes,No
199,49,31.881791626807193,5956.662208125689,1 year,DSL,Mailed check,0,Yes,No,Yes
200,21,31.752624677710486,845.8296098159865,1 year,No,Credit card,1,No,No,No
201,47,84.92103021160635,4904.586453837828,Month-to-month,DSL,Credit card,0,No,Yes,No
202,54,94.60448792654233,2113.7230555143033,Month-to-month,DSL,Credit card,0,No,No,No
203,40,78.33687650971596,3236.505789527417,Month-to-month,No,Credit card,0,Yes,Yes,No
204,56,116.21725484745419,2451.811146811459,2 year,DSL,Bank transfer,0,No,Yes,No
205,62,57.48705795237041,2974.2471884266033,Month-to-month,Fiber,Credit card,0,No,No,No
206,32,48.57120862818607,5808.558060437115,Month-to-month,No,Mailed check,0,Yes,No,No
207,60,106.85991281894603,2517.549381860765,1 year,Fiber,Electronic check,0,No,No,Yes
208,46,42.35958385194526,4617.956194315798,Month-to-month,No,Bank transfer,0,No,Yes,No
209,53,116.32225394406113,3913.193137152977,2 year,DSL,Credit card,0,No,No,No
210,30,21.215447468981633,5376.6350898286555,Month-to-month,No,Electronic check,0,No,Yes,No
211,49,116.98788267076391,7507.271966733112,2 year,Fiber,Bank transfer,1,Yes,No,No
212,24,24.315991195057613,5914.062358239952,Month-to-month,DSL,Electronic check,0,No,No,Yes
213,76,109.11431136980711,1876.5349530079027,Month-to-month,No,Credit card,0,No,No,No
214,68,72.77011090862999,443.22845347802047,Month-to-month,No,Credit card,0,Yes,Yes,No
215,39,119.29647961193004,2245.659545538636,Month-to-month,No,Mailed check,0,No,No,No
216,45,27.379656473539885,4841.607859461988,2 year,Fiber,Credit card,0,Yes,No,No
217,19,75.38542844013207,601.1213451771528,2 year,Fiber,Credit card,0,Yes,Yes,No
218,59,116.9302535619099,4071.6567281696434,1 year,No,Bank transfer,0,Yes,Yes,No
219,62,72.30978441701488,4855.374221551736,2 year,DSL,Mailed check,0,No,No,No
220,79,82.93986381352624,2807.1023483722943,Month-to-month,DSL,Bank transfer,1,Yes,No,No
221,74,89.57486889846172,6213.115189217411,1 year,Fiber,Electronic check,0,Yes,No,No
222,70,65.45410647677733,1031.4663744434201,1 year,DSL,Credit card,1,Yes,Yes,Yes
223,23,82.75580800840635,786.0746975393083,1 year,Fiber,Electronic check,0,No,Yes,No
224,45,78.43143119231001,5879.872298388106,Month-to-month,No,Bank transfer,0,No,Yes,No
225,45,110.11580104909889,4064.832266408348,2 year,Fiber,Credit card,0,No,Yes,No
226,61,24.544638034145787,5569.5386921363415,Month-to-month,Fiber,Credit card,0,No,No,No
227,61,48.096318959223034,3591.6532411092207,1 year,No,Bank transfer,1,No,Yes,No
228,37,115.04114840765587,2121.9358592650333,Month-to-month,DSL,Bank transfer,0,No,Yes,No
229,47,109.02637838909163,6588.998077858758,Month-to-month,Fiber,Bank transfer,1,No,Yes,No
230,79,65.56567527857129,6435.4438559580385,2 year,Fiber,Bank transfer,0,Yes,No,No
231,28,82.01325978015367,5618.632472664529,2 year,No,Bank transfer,0,Yes,No,Yes
232,75,47.738118298113264,2322.732070393709,1 year,DSL,Credit card,0,Yes,Yes,Yes
233,72,38.812115972376134,4803.79920157888,Month-to-month,Fiber,Bank transfer,0,Yes,Yes,No
234,45,66.36984049399823,3015.596396132209,Month-to-month,No,Credit card,1,No,No,Yes
235,42,55.33522280260528,914.3401719477464,2 year,Fiber,Credit card,0,Yes,No,Yes
236,56,78.3656111850872,7355.045888605494,Month-to-month,No,Bank transfer,0,Yes,No,No
237,79,27.77346369649848,1267.185321167899,Month-to-month,DSL,Bank transfer,0,Yes,No,No
238,50,117.43948076661665,7611.851359802259,Month-to-month,DSL,Mailed check,0,Yes,No,No
239,18,118.62107444796028,3678.845029072055,2 year,DSL,Credit card,0,No,No,Yes
240,74,89.81617140197451,1644.0368449412333,1 year,DSL,Bank transfer,0,No,No,No
241,44,73.60963663441204,4426.827389551194,1 year,Fiber,Bank transfer,1,No,No,Yes
242,79,50.95276162863277,7008.977519835985,Month-to-month,Fiber,Bank transfer,0,Yes,Yes,No
243,74,101.37950197069486,5911.354113994577,1 year,DSL,Mailed check,0,No,Yes,No
244,69,88.47311725538793,6491.176953319308,2 year,DSL,Mailed check,0,Yes,Yes,No
245,30,36.26169393448913,5338.510260343595,2 year,DSL,Electronic check,0,No,Yes,No
246,58,111.09271844938425,5599.757203239249,1 year,Fiber,Credit card,1,No,Yes,Yes
247,20,102.2537242923169,6823.72608220949,1 year,DSL,Electronic check,0,No,Yes,No
248,56,114.9799913291924,2147.41046910165,Month-to-month,DSL,Bank transfer,0,No,No,No
249,23,92.571950838836,4017.5147164164955,1 year,DSL,Mailed check,0,No,No,No
250,25,81.341519593579,1925.4336461928974,Month-to-month,No,Mailed check,0,Yes,Yes,Yes
251,44,61.82430362906189,7903.810462373846,Month-to-month,DSL,Electronic check,0,No,Yes,No
252,26,113.27284833540132,7563.662849555583,2 year,No,Mailed check,1,Yes,No,No
253,79,106.60638895004084,507.529128674346,2 year,No,Bank transfer,0,Yes,No,No
254,54,24.52186701061894,5703.48634562237,2 year,DSL,Mailed check,1,Yes,No,No
255,50,22.6366974497252,7416.936875842193,2 year,No,Electronic check,0,Yes,Yes,No
256,68,57.64633668780496,1608.4876919932015,1 year,DSL,Bank transfer,0,Yes,No,No
257,59,101.0553330781833,4629.9727983105095,2 year,Fiber,Electronic check,0,No,Yes,No
258,61,118.72761293149445,7340.808721186726,1 year,Fiber,Mailed check,0,No,Yes,No
259,41,35.04168911035282,464.77863296923096,2 year,Fiber,Electronic check,1,No,No,No
260,32,79.4130715352135,5639.878084525351,1 year,Fiber,Electronic check,0,No,No,No
261,76,58.08908566310215,2519.322257505896,Month-to-month,No,Credit card,1,Yes,Yes,No
262,71,116.99143978146031,7410.290323936937,1 year,DSL,Mailed check,0,No,No,No
263,49,104.21189231357087,7774.254312289869,1 year,DSL,Mailed check,0,No,No,No
264,49,103.83287047111378,7565.278615084784,2 year,DSL,Electronic check,0,Yes,Yes,No
265,41,66.86931597949703,3898.8708899282174,1 year,Fiber,Credit card,0,Yes,No,No
266,58,61.48195023376652,6923.932677716644,Month-to-month,Fiber,Mailed check,0,No,Yes,No
267,69,47.34070719307063,6787.485308573549,Month-to-month,DSL,Bank transfer,1,No,Yes,No
268,66,25.637549665092713,2688.9836912973938,2 year,Fiber,Electronic check,0,Yes,No,No
269,79,106.47223762550531,6665.540698375284,Month-to-month,DSL,Mailed check,0,No,Yes,Yes
270,66,101.29010091300776,488.65955078084244,1 year,DSL,Bank transfer,0,No,Yes,No
271,75,119.97176732861305,4850.905052160014,Month-to-month,DSL,Mailed check,1,No,No,No
272,69,119.66368370739053,1994.0689308440838,2 year,DSL,Bank transfer,0,No,No,Yes
273,29,75.54317056026275,1140.4217090627749,1 year,DSL,Electronic check,1,Yes,No,No
274,79,96.89874151805105,800.2349727078314,2 year,DSL,Mailed check,0,Yes,Yes,No
275,56,114.47657298824281,5631.05245184949,1 year,DSL,Mailed check,0,Yes,Yes,Yes
276,19,104.96473906774115,2851.024717390916,Month-to-month,Fiber,Credit card,0,No,No,No
277,20,44.73481017431976,5853.180817924339,2 year,DSL,Electronic check,0,No,Yes,No
278,66,65.05441353100935,709.7794582317505,2 year,DSL,Bank transfer,0,No,No,No
279,54,32.9159415151495,2659.2646350787604,1 year,Fiber,Mailed check,0,No,No,No
280,66,115.40510272587224,4408.032080527631,2 year,Fiber,Mailed check,0,No,Yes,Yes
281,73,80.617463445088,6367.640685743916,1 year,Fiber,Bank transfer,0,Yes,No,Yes
282,34,42.86428055034627,2686.2695228701455,1 year,DSL,Electronic check,0,No,Yes,No
283,76,87.17006844058567,5081.952736208671,1 year,No,Credit card,1,No,Yes,No
284,66,81.81282404578958,7110.62643624226,1 year,No,Credit card,0,Yes,No,No
285,19,55.81627180328405,5003.732867821976,Month-to-month,Fiber,Mailed check,1,No,Yes,Yes
286,19,31.355759219962902,2017.0839030783434,1 year,No,Bank transfer,0,Yes,No,No
287,45,87.15731955927996,390.3260961409966,2 year,Fiber,Mailed check,0,Yes,Yes,Yes
288,71,72.03077009037932,6986.771216427253,Month-to-month,DSL,Bank transfer,0,Yes,Yes,Yes
289,40,97.23183917356393,365.90140463301964,2 year,No,Credit card,0,Yes,Yes,No
290,54,72.01635011119933,7022.673046936756,Month-to-month,DSL,Electronic check,0,Yes,No,No
291,49,105.21815003185401,4325.709645412254,1 year,No,Bank transfer,0,No,Yes,No
292,50,75.19068387744855,7524.7280484005905,Month-to-month,DSL,Credit card,0,Yes,No,No
293,18,76.09379715353862,6430.50923903459,Month-to-month,No,Mailed check,0,Yes,Yes,No
294,36,107.66536026583451,7983.886062160032,2 year,DSL,Bank transfer,0,No,Yes,No
295,79,60.3482866212397,2935.5521605233394,2 year,DSL,Electronic check,0,No,No,No
296,19,33.40152284506407,6184.06865366279,1 year,No,Mailed check,0,Yes,No,No
297,70,22.878267631333898,3335.061126152089,Month-to-month,DSL,Mailed check,0,No,No,No
298,61,95.5137255673619,3943.029838370489,Month-to-month,DSL,Credit card,1,No,No,No
299,43,82.03095513534646,5094.542613103286,Month-to-month,DSL,Bank transfer,1,Yes,No,Yes
300,49,90.40797680992236,7014.681490653442,1 year,No,Mailed check,0,Yes,Yes,No
301,23,41.296416150891076,7875.851059754502,1 year,No,Electronic check,0,No,Yes,Yes
302,49,33.63714755867697,6192.532628143242,1 year,DSL,Bank transfer,0,Yes,No,No
303,72,21.45446656678819,3458.580900905203,1 year,DSL,Electronic check,0,Yes,Yes,No
304,21,55.058755880659696,3486.5846177611475,1 year,No,Mailed check,0,No,Yes,Yes
305,72,78.99176868546331,5953.141952393354,2 year,No,Electronic check,0,Yes,Yes,Yes
306,28,59.22440450997323,2062.4617369927582,Month-to-month,DSL,Credit card,0,Yes,No,No
307,73,63.747492202372904,1061.6980824248783,Month-to-month,DSL,Electronic check,0,Yes,Yes,No
308,76,110.41586944937484,2966.052829598057,Month-to-month,DSL,Bank transfer,0,Yes,Yes,Yes
309,34,54.82554670233004,2440.4641349018375,Month-to-month,Fiber,Electronic check,0,Yes,Yes,No
310,55,71.39894891598108,2511.2033395567228,Month-to-month,No,Electronic check,1,No,No,No
311,41,98.3653012741143,2022.1404581892975,Month-to-month,Fiber,Credit card,0,No,Yes,No
312,22,59.65427823212701,528.3268791636226,Month-to-month,No,Electronic check,0,Yes,Yes,No
313,69,82.20867002278735,339.41669092062773,Month-to-month,No,Electronic check,1,No,No,No
314,51,106.23637087467452,7904.234639941046,2 year,No,Mailed check,0,Yes,No,No
315,23,114.9520623657642,3536.630443139726,Month-to-month,No,Mailed check,0,Yes,Yes,No
316,39,34.70734809290379,3197.7478478455173,2 year,No,Bank transfer,0,Yes,Yes,No
317,28,112.65876251614944,5501.248805005945,1 year,No,Mailed check,0,Yes,No,Yes
318,65,69.21162930795381,1902.3803253475005,Month-to-month,No,Mailed check,1,Yes,No,Yes
319,33,45.82443882989584,7609.697234811758,1 year,Fiber,Mailed check,0,No,No,Yes
320,50,65.91357562382613,6333.491112441306,1 year,DSL,Mailed check,1,No,No,No
321,26,118.0032575285477,897.4058180356242,1 year,DSL,Credit card,0,Yes,No,No
322,77,69.26180939928696,3457.1300511224413,2 year,Fiber,Mailed check,0,No,No,No
323,76,52.875161028750824,7057.122798984885,1 year,Fiber,Credit card,0,Yes,No,No
324,23,83.34008543167258,7568.909773873001,1 year,Fiber,Credit card,0,No,Yes,No
325,33,44.014561877819304,3845.731787748984,1 year,Fiber,Mailed check,0,Yes,No,Yes
326,46,27.58633281086639,4984.60883584352,Month-to-month,No,Electronic check,0,No,No,No
327,20,32.88797219106492,1502.8647795181867,Month-to-month,DSL,Credit card,0,Yes,Yes,No
328,37,32.80458389577724,7931.115283868417,2 year,No,Electronic check,0,Yes,No,No
329,77,35.19026935122943,2007.0392707908584,2 year,DSL,Electronic check,1,No,No,No
330,76,33.882717264941014,7553.30783825398,Month-to-month,DSL,Mailed check,0,No,Yes,No
331,53,84.08747448032146,5267.2438621404735,2 year,Fiber,Bank transfer,0,Yes,No,No
332,36,38.18800843991448,4940.3470000551015,Month-to-month,No,Mailed check,0,No,Yes,No
333,43,54.56672833238632,4198.970385928767,1 year,Fiber,Bank transfer,1,Yes,Yes,No
334,20,109.67884099060119,1999.2245313985177,1 year,No,Bank transfer,0,No,Yes,No
335,36,67.39616402628724,1576.9186496429645,2 year,DSL,Mailed check,1,No,Yes,Yes
336,37,86.75577385210272,1919.7924307473677,Month-to-month,Fiber,Mailed check,0,Yes,No,No
337,49,37.231987120162984,1654.2184447251852,Month-to-month,Fiber,Bank transfer,0,No,Yes,Yes
338,24,39.22890188086708,6280.758893820675,2 year,DSL,Mailed check,0,No,Yes,No
339,69,24.086861626647888,2930.9770215004946,Month-to-month,DSL,Bank transfer,1,Yes,No,Yes
340,58,36.893506307216455,651.1728771944917,1 year,DSL,Electronic check,0,No,Yes,No
341,50,47.859033903195865,7759.000515098328,2 year,Fiber,Mailed check,0,Yes,Yes,No
342,57,37.70104842767468,7093.52990271472,2 year,No,Electronic check,0,Yes,Yes,No
343,56,28.87025337570556,7436.467808922661,Month-to-month,Fiber,Credit card,0,Yes,Yes,Yes
344,35,32.063587110060084,7960.281016642195,2 year,No,Electronic check,1,Yes,No,Yes
345,57,66.07787680327257,1556.3829439120009,Month-to-month,Fiber,Electronic check,0,Yes,Yes,Yes
346,18,40.63337184057925,3290.6877474407383,Month-to-month,Fiber,Bank transfer,1,No,No,Yes
347,28,56.42698610480755,6114.260110491912,Month-to-month,DSL,Electronic check,0,Yes,No,Yes
348,45,70.34172708548569,5628.96082081958,Month-to-month,No,Mailed check,0,Yes,Yes,No
349,74,89.03948286293652,1400.3880694508694,Month-to-month,Fiber,Bank transfer,0,No,Yes,Yes
350,42,23.931213984109895,6563.4983749268185,2 year,Fiber,Credit card,0,No,Yes,Yes
351,67,99.94103989090426,1950.636460325953,1 year,DSL,Mailed check,0,No,Yes,No
352,40,82.79003894909079,1945.7773956164601,1 year,DSL,Credit card,0,Yes,No,No
353,48,28.17590319488719,4388.400498568626,2 year,No,Electronic check,0,Yes,No,No
354,47,107.35786241067773,4824.931491765285,2 year,Fiber,Mailed check,1,Yes,No,No
355,59,112.08724005318132,4724.672421134927,1 year,No,Mailed check,1,No,Yes,No
356,52,26.107795985486376,913.597331702488,1 year,Fiber,Credit card,1,Yes,No,Yes
357,24,47.687764814720374,7044.194728516967,1 year,No,Mailed check,1,No,Yes,No
358,77,100.62012797930613,2271.6803321919074,1 year,DSL,Mailed check,0,Yes,Yes,No
359,33,94.82596903836584,1210.2163860058727,1 year,Fiber,Mailed check,0,No,Yes,Yes
360,43,38.45210193563773,7132.235022978022,Month-to-month,No,Electronic check,0,Yes,Yes,No
361,65,40.93493233367103,7654.081686192077,2 year,DSL,Credit card,0,Yes,Yes,Yes
362,74,57.0472102791382,6924.595414670514,Month-to-month,DSL,Mailed check,0,Yes,No,Yes
363,69,68.45229851910213,6514.225382854049,1 year,No,Bank transfer,0,No,No,No
364,77,81.8254771530296,5310.887448984369,1 year,Fiber,Bank transfer,0,No,Yes,No
365,66,56.891363956977244,4496.6874907512865,1 year,Fiber,Bank transfer,0,Yes,No,No
366,19,66.25347161331479,878.4967273089991,Month-to-month,DSL,Bank transfer,0,Yes,Yes,Yes
367,18,94.74709381337566,3385.93506195145,Month-to-month,Fiber,Electronic check,0,Yes,Yes,No
368,65,23.66832028905979,3106.970432696049,1 year,Fiber,Mailed check,0,No,Yes,No
369,79,45.24369443440207,2226.0795133305446,Month-to-month,Fiber,Credit card,0,Yes,No,No
370,29,91.33495858845524,5842.6768867709625,Month-to-month,DSL,Mailed check,0,Yes,Yes,No
371,22,109.52068376871993,4067.830733614412,1 year,No,Electronic check,0,Yes,Yes,Yes
372,54,71.16774421156661,832.1604840796539,Month-to-month,Fiber,Bank transfer,1,Yes,No,Yes
373,49,73.21134852653157,1917.4289752085285,2 year,DSL,Electronic check,0,No,No,No
374,76,30.717201133977603,5529.418356544848,2 year,DSL,Mailed check,0,No,No,No
375,72,64.74123668234546,793.8207040243415,2 year,No,Credit card,1,Yes,Yes,No
376,26,73.2617266455023,6839.413929580396,2 year,Fiber,Electronic check,0,Yes,Yes,No
377,58,44.247050363472965,4062.142910709,1 year,Fiber,Credit card,0,No,No,No
378,52,46.924323094938096,3948.5753031478544,1 year,No,Electronic check,0,No,Yes,Yes
379,36,57.728416310462265,4820.780720344237,1 year,No,Credit card,0,Yes,No,No
380,65,22.007119777772637,6632.511534216163,2 year,DSL,Credit card,0,No,No,Yes
381,33,52.20791655831783,2912.9118216371057,2 year,DSL,Bank transfer,0,No,Yes,No
382,20,41.14480069965447,5488.525989960695,Month-to-month,No,Credit card,1,Yes,Yes,No
383,37,52.74973521779147,4612.70931916717,Month-to-month,Fiber,Bank transfer,0,No,No,No
384,41,31.97621318192512,2282.8205073214863,2 year,DSL,Mailed check,0,No,No,No
385,71,109.0527280739895,7053.313893570233,2 year,DSL,Mailed check,0,Yes,No,Yes
386,73,79.35924535540487,6419.922968534039,2 year,Fiber,Bank transfer,0,Yes,No,Yes
387,50,87.91023191444896,5335.9243103357185,2 year,DSL,Bank transfer,0,No,Yes,Yes
388,41,98.91712386073382,6834.537486935087,Month-to-month,Fiber,Electronic check,0,Yes,No,No
389,69,69.84421989290573,6964.8947674864585,2 year,Fiber,Electronic check,1,No,No,No
390,28,28.69202880874237,5725.231218377271,Month-to-month,Fiber,Electronic check,0,Yes,No,No
391,66,73.71065418185478,6728.703961236642,2 year,No,Mailed check,0,No,Yes,Yes
392,25,78.68411180208791,5640.277401020412,2 year,No,Electronic check,0,Yes,Yes,No
393,53,94.54394741843299,5505.098019730343,2 year,No,Credit card,0,No,No,No
394,55,63.16595462296794,5025.168750078437,Month-to-month,Fiber,Credit card,0,No,Yes,No
395,57,32.75803027955638,6071.189788549602,Month-to-month,Fiber,Electronic check,0,No,Yes,No
396,37,48.37759057987245,1437.119821285975,1 year,No,Credit card,0,Yes,Yes,No
397,79,56.30822963986351,7070.791921751642,2 year,DSL,Mailed check,0,Yes,No,No
398,52,84.59172413316013,7000.37951641281,1 year,Fiber,Credit card,1,No,No,Yes
399,65,77.07783046689119,428.12880766956135,1 year,DSL,Mailed check,0,No,Yes,No
400,79,55.60967258978462,6641.370654405149,Month-to-month,DSL,Bank transfer,1,Yes,No,Yes
401,42,118.65152487929797,1205.1849662928726,Month-to-month,Fiber,Bank transfer,0,Yes,No,No
402,52,80.57748193568872,2813.927063221307,1 year,Fiber,Bank transfer,0,Yes,Yes,No
403,42,43.722679173599445,5999.36439907454,2 year,DSL,Bank transfer,0,Yes,Yes,No
404,46,30.178247262040372,1453.927189176804,Month-to-month,DSL,Credit card,0,Yes,No,No
405,35,35.2859139184332,6580.142788128685,2 year,No,Electronic check,0,Yes,Yes,No
406,63,44.59577283845081,6690.646588070387,2 year,No,Credit card,0,No,No,No
407,35,36.06813732595557,4158.248323334523,1 year,Fiber,Mailed check,0,Yes,No,No
408,19,38.656702405130574,249.8097993913019,1 year,No,Credit card,0,No,Yes,No
409,71,48.50951686938471,2438.8974387643198,1 year,No,Credit card,0,Yes,No,No
410,52,37.33735952947548,5012.0299633307895,1 year,No,Mailed check,1,Yes,No,No
411,33,109.67654246264252,7853.252188613903,Month-to-month,No,Bank transfer,0,No,Yes,No
412,78,28.02337456616422,5128.1455107300135,Month-to-month,DSL,Bank transfer,0,No,Yes,No
413,58,72.45113895702546,2226.4679323004466,1 year,Fiber,Bank transfer,0,Yes,Yes,No
414,53,61.03968269896615,5145.244484176968,Month-to-month,No,Electronic check,1,No,No,No
415,50,118.23786169086064,4411.885961783672,1 year,DSL,Mailed check,1,No,Yes,Yes
416,21,31.203890216805235,6282.79408217892,2 year,DSL,Mailed check,0,No,Yes,Yes
417,50,59.785559904574164,1034.4489828502756,2 year,DSL,Credit card,0,No,Yes,No
418,31,116.94704332753689,6136.017639515819,2 year,No,Electronic check,0,Yes,Yes,Yes
419,38,106.55071258939803,4421.87931367366,1 year,No,Bank transfer,0,No,No,No
420,65,101.707207094928,7711.337630100158,2 year,Fiber,Electronic check,0,Yes,No,No
421,37,45.79028270449398,2866.6028951017515,Month-to-month,No,Mailed check,0,Yes,Yes,No
422,73,37.08875873900658,5134.450766444796,2 year,No,Mailed check,0,Yes,No,No
423,25,86.8643219924431,7469.819222978136,2 year,DSL,Credit card,0,Yes,Yes,No
424,24,112.93759891275857,999.5758783272981,2 year,Fiber,Credit card,1,No,Yes,No
425,20,75.67628930139298,7510.382200444319,Month-to-month,No,Mailed check,0,No,No,No
426,34,77.16126894698999,5565.508633946344,1 year,No,Bank transfer,0,Yes,No,No
427,50,47.997909366028416,729.1290610203408,Month-to-month,DSL,Bank transfer,0,Yes,Yes,No
428,65,96.94929331919369,2547.5158221851666,1 year,DSL,Electronic check,1,Yes,Yes,Yes
429,29,38.704374855752334,5723.742291433196,1 year,No,Mailed check,0,Yes,No,No
430,76,52.367923640424365,725.3346914564193,2 year,Fiber,Mailed check,1,No,Yes,No
431,68,62.54364386164168,4740.929589374931,1 year,Fiber,Bank transfer,1,Yes,No,No
432,39,70.7610378684455,2897.8878442330624,Month-to-month,DSL,Bank transfer,0,No,Yes,No
433,72,44.24097324150802,5043.141038586322,Month-to-month,DSL,Mailed check,0,Yes,Yes,No
434,39,31.483682473920354,556.7878637376002,1 year,No,Credit card,1,Yes,No,No
435,63,81.06200424416326,6997.987087988535,2 year,DSL,Mailed check,0,Yes,No,No
436,47,48.86305532402558,7793.213959583696,2 year,No,Mailed check,1,Yes,No,Yes
437,55,78.12382214226122,7757.247271228393,Month-to-month,Fiber,Bank transfer,1,No,No,Yes
438,55,35.43627152742023,6047.284287594813,2 year,Fiber,Bank transfer,0,No,No,No
439,62,68.11401018548175,1214.6726730189293,1 year,No,Credit card,0,No,No,No
440,68,73.25894325515858,6114.452928246376,1 year,DSL,Credit card,1,Yes,No,No
441,71,25.18235368224269,391.7779483786518,Month-to-month,Fiber,Electronic check,0,Yes,Yes,No
442,25,53.660427819392055,372.56370192617857,1 year,DSL,Mailed check,0,No,Yes,No
443,44,33.44146769389742,2724.159709366422,Month-to-month,Fiber,Bank transfer,0,No,Yes,No
444,44,26.337497047276774,4011.4168851563927,1 year,No,Credit card,0,Yes,No,Yes
445,51,118.99602323899452,6209.177858900787,Month-to-month,No,Electronic check,1,Yes,No,No
446,38,52.235384497472296,5529.70393753074,2 year,No,Electronic check,1,No,No,Yes
447,47,100.98744458546349,3678.041109738637,1 year,Fiber,Bank transfer,0,Yes,Yes,Yes
448,50,45.46406547637638,2334.287996996994,1 year,DSL,Bank transfer,0,Yes,No,No
449,45,88.15027222239293,7977.571101230147,Month-to-month,DSL,Electronic check,0,No,No,Yes
450,64,96.02278598896865,3524.214157440589,Month-to-month,DSL,Credit card,1,Yes,Yes,Yes
451,50,79.56387406078443,3720.818789771469,1 year,Fiber,Electronic check,0,No,No,Yes
452,22,67.15761885501584,1476.2658052950196,Month-to-month,Fiber,Mailed check,0,Yes,Yes,No
453,77,61.18409141472685,6399.514480249449,1 year,Fiber,Mailed check,0,No,Yes,No
454,78,54.88682665429953,5610.721361095611,2 year,Fiber,Bank transfer,0,Yes,No,No
455,65,112.95291442478259,1922.0029797523312,Month-to-month,Fiber,Credit card,1,No,No,No
456,36,103.06194077877291,842.5721558035731,1 year,DSL,Credit card,0,No,No,No
457,21,116.50269106665125,5507.894556182762,2 year,Fiber,Mailed check,0,No,Yes,No
458,52,32.42972234855447,5305.187471392855,2 year,Fiber,Electronic check,0,No,Yes,Yes
459,66,93.08674752036443,2331.424310586033,1 year,DSL,Bank transfer,1,Yes,Yes,No
460,34,113.83404568210378,7616.735785553201,Month-to-month,Fiber,Electronic check,0,Yes,No,No
461,61,38.12330661656601,1378.2515558910218,1 year,DSL,Electronic check,0,No,No,No
462,45,26.64962673667775,3572.211448132295,2 year,DSL,Electronic check,0,Yes,No,No
463,47,94.11206492900591,7560.2041773072715,1 year,No,Credit card,1,Yes,No,No
464,46,77.4473113179912,3473.873072023754,Month-to-month,No,Mailed check,0,Yes,Yes,No
465,63,104.1828776758272,5180.502391779867,2 year,No,Credit card,0,Yes,Yes,No
466,70,33.97723766262895,3301.2363041097956,1 year,No,Mailed check,0,Yes,Yes,No
467,23,99.52673118598902,2338.8785783196263,Month-to-month,Fiber,Bank transfer,0,No,Yes,No
468,52,40.162732004774455,7875.02565408666,2 year,No,Bank transfer,0,No,No,No
469,77,36.36559428657045,3392.8052492573356,Month-to-month,DSL,Electronic check,1,No,No,No
470,58,36.42657979309929,7173.973788697249,2 year,Fiber,Mailed check,0,No,No,No
471,54,101.45747202313821,1993.6459259504722,1 year,No,Mailed check,0,Yes,Yes,Yes
472,41,86.51972206962002,1862.2166913956498,Month-to-month,DSL,Mailed check,0,Yes,Yes,No
473,46,72.30654247691193,442.8458464991886,2 year,Fiber,Electronic check,0,No,No,Yes
474,66,55.88304841235025,5283.001237931903,Month-to-month,Fiber,Electronic check,0,Yes,No,No
475,63,107.72005408131082,3074.505481045337,Month-to-month,No,Bank transfer,1,Yes,Yes,No
476,70,59.244510742263536,6941.994348749169,1 year,Fiber,Credit card,0,No,No,No
477,48,101.65994394715771,3891.0372721941458,Month-to-month,DSL,Mailed check,0,Yes,Yes,Yes
478,52,63.91349085702184,7751.90873773483,2 year,Fiber,Mailed check,0,No,Yes,No
479,77,57.69444294249076,1647.099022484345,2 year,DSL,Credit card,0,No,Yes,Yes
480,50,66.26797856696064,6975.260710053764,2 year,Fiber,Mailed check,0,Yes,No,No
481,69,50.13778741641421,6257.455451775585,2 year,No,Electronic check,0,Yes,No,No
482,78,94.76093801762511,6213.190388223606,1 year,DSL,Electronic check,1,No,Yes,No
483,38,70.27203900924792,6789.309179311724,Month-to-month,Fiber,Mailed check,0,No,No,No
484,49,43.22126951468173,6135.9871293553915,1 year,Fiber,Electronic check,0,Yes,Yes,No
485,40,109.95745732745685,5084.51850872504,Month-to-month,Fiber,Electronic check,1,No,Yes,Yes
486,50,58.38912213732114,1223.710045922623,Month-to-month,DSL,Mailed check,0,No,Yes,No
487,20,74.35528611139887,453.7042000317649,Month-to-month,DSL,Bank transfer,0,No,Yes,No
488,35,110.6472110964547,7382.6132129623575,1 year,DSL,Credit card,0,Yes,No,No
489,42,82.42379959139922,5009.872453261757,Month-to-month,No,Electronic check,0,No,Yes,No
490,59,31.68980407083641,6412.990869614176,1 year,No,Bank transfer,0,Yes,Yes,Yes
491,48,113.98321236134751,3955.874341797891,2 year,DSL,Electronic check,0,No,No,No
492,71,82.77080530714179,1115.003873906677,2 year,Fiber,Electronic check,0,Yes,Yes,No
493,75,53.49056146570861,1176.4491791798935,Month-to-month,No,Credit card,1,No,Yes,No
494,20,33.927207266338726,5547.409240385977,1 year,DSL,Electronic check,0,Yes,No,Yes
495,57,99.4025189270296,3556.385980215809,2 year,Fiber,Credit card,0,Yes,No,Yes
496,63,82.00727559285136,1764.0928682626263,1 year,No,Credit card,0,Yes,No,No
497,41,73.34610919763216,4034.4374645832077,1 year,Fiber,Credit card,0,No,Yes,No
498,67,109.38925830509577,700.8297091860459,Month-to-month,Fiber,Bank transfer,0,No,No,Yes
499,49,98.85972112245308,4739.37693493231,2 year,Fiber,Mailed check,1,No,No,No
500,64,35.167487973275115,2298.1485545937617,Month-to-month,Fiber,Bank transfer,1,Yes,Yes,No
